PRAGMA foreign_keys=OFF;
CREATE TABLE `planned_exercises` (`id` integer PRIMARY KEY AUTOINCREMENT,`created_at` datetime,`updated_at` datetime,`deleted_at` datetime,`workout_plan_id` integer,`name` text,CONSTRAINT `fk_workout_plans_exercises` FOREIGN KEY (`workout_plan_id`) REFERENCES `workout_plans`(`id`) ON DELETE CASCADE);
INSERT INTO planned_exercises VALUES(1,'2025-10-25 23:44:06.6516586-06:00','2025-10-25 23:44:06.6516586-06:00',NULL,1,'Incline Press');
INSERT INTO planned_exercises VALUES(2,'2025-10-25 23:44:06.6516586-06:00','2025-10-25 23:44:06.6516586-06:00',NULL,1,'Chest Fly');
INSERT INTO planned_exercises VALUES(3,'2025-10-25 23:44:06.6516586-06:00','2025-10-25 23:44:06.6516586-06:00',NULL,1,'Dips');
INSERT INTO planned_exercises VALUES(4,'2025-10-25 23:44:06.6516586-06:00','2025-10-25 23:44:06.6516586-06:00',NULL,1,'Lat Raise');
INSERT INTO planned_exercises VALUES(5,'2025-10-25 23:44:06.6516586-06:00','2025-10-25 23:44:06.6516586-06:00',NULL,1,'Shoulder Press');
INSERT INTO planned_exercises VALUES(6,'2025-10-25 23:44:06.6516586-06:00','2025-10-25 23:44:06.6516586-06:00',NULL,1,'JM Press');
INSERT INTO planned_exercises VALUES(7,'2025-10-25 23:44:06.6516586-06:00','2025-10-25 23:44:06.6516586-06:00',NULL,1,'Extensions');
INSERT INTO planned_exercises VALUES(8,'2025-10-25 23:44:06.6562083-06:00','2025-10-25 23:44:06.6562083-06:00',NULL,2,'Barbell Rows');
INSERT INTO planned_exercises VALUES(9,'2025-10-25 23:44:06.6562083-06:00','2025-10-25 23:44:06.6562083-06:00',NULL,2,'Face Pulls');
INSERT INTO planned_exercises VALUES(10,'2025-10-25 23:44:06.6562083-06:00','2025-10-25 23:44:06.6562083-06:00',NULL,2,'Pulldowns');
INSERT INTO planned_exercises VALUES(11,'2025-10-25 23:44:06.6562083-06:00','2025-10-25 23:44:06.6562083-06:00',NULL,2,'Cable Rows');
INSERT INTO planned_exercises VALUES(12,'2025-10-25 23:44:06.6562083-06:00','2025-10-25 23:44:06.6562083-06:00',NULL,2,'Incline Curls');
INSERT INTO planned_exercises VALUES(13,'2025-10-25 23:44:06.6562083-06:00','2025-10-25 23:44:06.6562083-06:00',NULL,2,'Hammer Curls');
INSERT INTO planned_exercises VALUES(14,'2025-10-25 23:44:06.6604362-06:00','2025-10-25 23:44:06.6604362-06:00',NULL,3,'Outer Thigh');
INSERT INTO planned_exercises VALUES(15,'2025-10-25 23:44:06.6604362-06:00','2025-10-25 23:44:06.6604362-06:00',NULL,3,'Inner Thigh');
INSERT INTO planned_exercises VALUES(16,'2025-10-25 23:44:06.6604362-06:00','2025-10-25 23:44:06.6604362-06:00',NULL,3,'Leg Extensions');
INSERT INTO planned_exercises VALUES(17,'2025-10-25 23:44:06.6604362-06:00','2025-10-25 23:44:06.6604362-06:00',NULL,3,'Hamstring Cruls');
INSERT INTO planned_exercises VALUES(18,'2025-10-25 23:44:06.6604362-06:00','2025-10-25 23:44:06.6604362-06:00',NULL,3,'Squat');
INSERT INTO planned_exercises VALUES(19,'2025-10-25 23:44:06.6604362-06:00','2025-10-25 23:44:06.6604362-06:00',NULL,3,'Deadlift');
INSERT INTO planned_exercises VALUES(20,'2025-10-25 23:44:06.6604362-06:00','2025-10-25 23:44:06.6604362-06:00',NULL,3,'Calf Raises');
INSERT INTO planned_exercises VALUES(21,'2025-10-25 23:44:06.6604362-06:00','2025-10-25 23:44:06.6604362-06:00',NULL,3,'Ab Crunches');
INSERT INTO planned_exercises VALUES(22,'2025-10-25 23:44:06.6650224-06:00','2025-10-25 23:44:06.6650224-06:00',NULL,4,'Incline Press');
INSERT INTO planned_exercises VALUES(23,'2025-10-25 23:44:06.6650224-06:00','2025-10-25 23:44:06.6650224-06:00',NULL,4,'Chest Fly');
INSERT INTO planned_exercises VALUES(24,'2025-10-25 23:44:06.6650224-06:00','2025-10-25 23:44:06.6650224-06:00',NULL,4,'Dips');
INSERT INTO planned_exercises VALUES(25,'2025-10-25 23:44:06.6650224-06:00','2025-10-25 23:44:06.6650224-06:00',NULL,4,'Lat Raise');
INSERT INTO planned_exercises VALUES(26,'2025-10-25 23:44:06.6650224-06:00','2025-10-25 23:44:06.6650224-06:00',NULL,4,'Shoulder Press');
INSERT INTO planned_exercises VALUES(27,'2025-10-25 23:44:06.6650224-06:00','2025-10-25 23:44:06.6650224-06:00',NULL,4,'Barbell Rows');
INSERT INTO planned_exercises VALUES(28,'2025-10-25 23:44:06.6650224-06:00','2025-10-25 23:44:06.6650224-06:00',NULL,4,'Face Pulls');
INSERT INTO planned_exercises VALUES(29,'2025-10-25 23:44:06.6650224-06:00','2025-10-25 23:44:06.6650224-06:00',NULL,4,'Pulldowns');
INSERT INTO planned_exercises VALUES(30,'2025-10-25 23:44:06.6650224-06:00','2025-10-25 23:44:06.6650224-06:00',NULL,4,'JM Press');
INSERT INTO planned_exercises VALUES(31,'2025-10-25 23:44:06.6650224-06:00','2025-10-25 23:44:06.6650224-06:00',NULL,4,'Extensions');
INSERT INTO planned_exercises VALUES(32,'2025-10-25 23:44:06.6650224-06:00','2025-10-25 23:44:06.6650224-06:00',NULL,4,'Incline Curls');
INSERT INTO planned_exercises VALUES(33,'2025-10-25 23:44:06.6650224-06:00','2025-10-25 23:44:06.6650224-06:00',NULL,4,'Hammer Curls');
INSERT INTO planned_exercises VALUES(34,'2025-10-25 23:44:06.6702356-06:00','2025-10-25 23:44:06.6702356-06:00',NULL,5,'Outer Thigh');
INSERT INTO planned_exercises VALUES(35,'2025-10-25 23:44:06.6702356-06:00','2025-10-25 23:44:06.6702356-06:00',NULL,5,'Inner Thigh');
INSERT INTO planned_exercises VALUES(36,'2025-10-25 23:44:06.6702356-06:00','2025-10-25 23:44:06.6702356-06:00',NULL,5,'Leg Extensions');
INSERT INTO planned_exercises VALUES(37,'2025-10-25 23:44:06.6702356-06:00','2025-10-25 23:44:06.6702356-06:00',NULL,5,'Hamstring Cruls');
INSERT INTO planned_exercises VALUES(38,'2025-10-25 23:44:06.6702356-06:00','2025-10-25 23:44:06.6702356-06:00',NULL,5,'Squat');
INSERT INTO planned_exercises VALUES(39,'2025-10-25 23:44:06.6702356-06:00','2025-10-25 23:44:06.6702356-06:00',NULL,5,'Deadlift');
INSERT INTO planned_exercises VALUES(40,'2025-10-25 23:44:06.6702356-06:00','2025-10-25 23:44:06.6702356-06:00',NULL,5,'Hip Hinge');
INSERT INTO planned_exercises VALUES(41,'2025-10-25 23:44:06.6702356-06:00','2025-10-25 23:44:06.6702356-06:00',NULL,5,'Leg Press');
INSERT INTO planned_exercises VALUES(42,'2025-10-25 23:44:06.6702356-06:00','2025-10-25 23:44:06.6702356-06:00',NULL,5,'Calf Raises');
INSERT INTO planned_exercises VALUES(43,'2025-10-25 23:44:06.6702356-06:00','2025-10-25 23:44:06.6702356-06:00',NULL,5,'Ab Crunches');
INSERT INTO planned_exercises VALUES(44,'2025-10-25 23:44:06.6740179-06:00','2025-10-25 23:44:06.6740179-06:00',NULL,6,'Abs');
CREATE TABLE `planned_sets` (`id` integer PRIMARY KEY AUTOINCREMENT,`created_at` datetime,`updated_at` datetime,`deleted_at` datetime,`planned_exercise_id` integer,`reps` integer,`weight` real,CONSTRAINT `fk_planned_exercises_sets` FOREIGN KEY (`planned_exercise_id`) REFERENCES `planned_exercises`(`id`) ON DELETE CASCADE);
INSERT INTO planned_sets VALUES(1,'2025-10-25 23:44:06.6520104-06:00','2025-10-25 23:44:06.6520104-06:00',NULL,1,9,40.0);
INSERT INTO planned_sets VALUES(2,'2025-10-25 23:44:06.6520104-06:00','2025-10-25 23:44:06.6520104-06:00',NULL,1,8,40.0);
INSERT INTO planned_sets VALUES(3,'2025-10-25 23:44:06.6520104-06:00','2025-10-25 23:44:06.6520104-06:00',NULL,2,9,75.0);
INSERT INTO planned_sets VALUES(4,'2025-10-25 23:44:06.6520104-06:00','2025-10-25 23:44:06.6520104-06:00',NULL,2,8,75.0);
INSERT INTO planned_sets VALUES(5,'2025-10-25 23:44:06.6520104-06:00','2025-10-25 23:44:06.6520104-06:00',NULL,3,8,-110.0);
INSERT INTO planned_sets VALUES(6,'2025-10-25 23:44:06.6520104-06:00','2025-10-25 23:44:06.6520104-06:00',NULL,4,15,10.0);
INSERT INTO planned_sets VALUES(7,'2025-10-25 23:44:06.6520104-06:00','2025-10-25 23:44:06.6520104-06:00',NULL,4,14,10.0);
INSERT INTO planned_sets VALUES(8,'2025-10-25 23:44:06.6520104-06:00','2025-10-25 23:44:06.6520104-06:00',NULL,5,8,75.0);
INSERT INTO planned_sets VALUES(9,'2025-10-25 23:44:06.6520104-06:00','2025-10-25 23:44:06.6520104-06:00',NULL,5,7,75.0);
INSERT INTO planned_sets VALUES(10,'2025-10-25 23:44:06.6520104-06:00','2025-10-25 23:44:06.6520104-06:00',NULL,6,7,105.0);
INSERT INTO planned_sets VALUES(11,'2025-10-25 23:44:06.6520104-06:00','2025-10-25 23:44:06.6520104-06:00',NULL,6,6,105.0);
INSERT INTO planned_sets VALUES(12,'2025-10-25 23:44:06.6520104-06:00','2025-10-25 23:44:06.6520104-06:00',NULL,7,6,40.0);
INSERT INTO planned_sets VALUES(13,'2025-10-25 23:44:06.6520104-06:00','2025-10-25 23:44:06.6520104-06:00',NULL,7,6,40.0);
INSERT INTO planned_sets VALUES(14,'2025-10-25 23:44:06.6562083-06:00','2025-10-25 23:44:06.6562083-06:00',NULL,8,7,95.0);
INSERT INTO planned_sets VALUES(15,'2025-10-25 23:44:06.6562083-06:00','2025-10-25 23:44:06.6562083-06:00',NULL,8,6,95.0);
INSERT INTO planned_sets VALUES(16,'2025-10-25 23:44:06.6562083-06:00','2025-10-25 23:44:06.6562083-06:00',NULL,9,10,40.0);
INSERT INTO planned_sets VALUES(17,'2025-10-25 23:44:06.6562083-06:00','2025-10-25 23:44:06.6562083-06:00',NULL,9,10,40.0);
INSERT INTO planned_sets VALUES(18,'2025-10-25 23:44:06.6562083-06:00','2025-10-25 23:44:06.6562083-06:00',NULL,10,6,100.0);
INSERT INTO planned_sets VALUES(19,'2025-10-25 23:44:06.6562083-06:00','2025-10-25 23:44:06.6562083-06:00',NULL,10,6,100.0);
INSERT INTO planned_sets VALUES(20,'2025-10-25 23:44:06.6562083-06:00','2025-10-25 23:44:06.6562083-06:00',NULL,11,9,60.0);
INSERT INTO planned_sets VALUES(21,'2025-10-25 23:44:06.6562083-06:00','2025-10-25 23:44:06.6562083-06:00',NULL,11,9,60.0);
INSERT INTO planned_sets VALUES(22,'2025-10-25 23:44:06.6562083-06:00','2025-10-25 23:44:06.6562083-06:00',NULL,12,6,20.0);
INSERT INTO planned_sets VALUES(23,'2025-10-25 23:44:06.6562083-06:00','2025-10-25 23:44:06.6562083-06:00',NULL,12,6,20.0);
INSERT INTO planned_sets VALUES(24,'2025-10-25 23:44:06.6562083-06:00','2025-10-25 23:44:06.6562083-06:00',NULL,13,6,22.5);
INSERT INTO planned_sets VALUES(25,'2025-10-25 23:44:06.6562083-06:00','2025-10-25 23:44:06.6562083-06:00',NULL,13,6,22.5);
INSERT INTO planned_sets VALUES(26,'2025-10-25 23:44:06.6604362-06:00','2025-10-25 23:44:06.6604362-06:00',NULL,14,11,80.0);
INSERT INTO planned_sets VALUES(27,'2025-10-25 23:44:06.6604362-06:00','2025-10-25 23:44:06.6604362-06:00',NULL,15,12,70.0);
INSERT INTO planned_sets VALUES(28,'2025-10-25 23:44:06.6604362-06:00','2025-10-25 23:44:06.6604362-06:00',NULL,16,7,80.0);
INSERT INTO planned_sets VALUES(29,'2025-10-25 23:44:06.6604362-06:00','2025-10-25 23:44:06.6604362-06:00',NULL,16,7,80.0);
INSERT INTO planned_sets VALUES(30,'2025-10-25 23:44:06.6604362-06:00','2025-10-25 23:44:06.6604362-06:00',NULL,16,7,80.0);
INSERT INTO planned_sets VALUES(31,'2025-10-25 23:44:06.6604362-06:00','2025-10-25 23:44:06.6604362-06:00',NULL,17,7,75.0);
INSERT INTO planned_sets VALUES(32,'2025-10-25 23:44:06.6604362-06:00','2025-10-25 23:44:06.6604362-06:00',NULL,17,7,75.0);
INSERT INTO planned_sets VALUES(33,'2025-10-25 23:44:06.6604362-06:00','2025-10-25 23:44:06.6604362-06:00',NULL,18,7,115.0);
INSERT INTO planned_sets VALUES(34,'2025-10-25 23:44:06.6604362-06:00','2025-10-25 23:44:06.6604362-06:00',NULL,18,8,115.0);
INSERT INTO planned_sets VALUES(35,'2025-10-25 23:44:06.6604362-06:00','2025-10-25 23:44:06.6604362-06:00',NULL,19,7,115.0);
INSERT INTO planned_sets VALUES(36,'2025-10-25 23:44:06.6604362-06:00','2025-10-25 23:44:06.6604362-06:00',NULL,19,6,115.0);
INSERT INTO planned_sets VALUES(37,'2025-10-25 23:44:06.6604362-06:00','2025-10-25 23:44:06.6604362-06:00',NULL,20,13,90.0);
INSERT INTO planned_sets VALUES(38,'2025-10-25 23:44:06.6604362-06:00','2025-10-25 23:44:06.6604362-06:00',NULL,20,13,90.0);
INSERT INTO planned_sets VALUES(39,'2025-10-25 23:44:06.6604362-06:00','2025-10-25 23:44:06.6604362-06:00',NULL,21,8,110.0);
INSERT INTO planned_sets VALUES(40,'2025-10-25 23:44:06.6604362-06:00','2025-10-25 23:44:06.6604362-06:00',NULL,21,8,110.0);
INSERT INTO planned_sets VALUES(41,'2025-10-25 23:44:06.6654614-06:00','2025-10-25 23:44:06.6654614-06:00',NULL,22,5,45.0);
INSERT INTO planned_sets VALUES(42,'2025-10-25 23:44:06.6654614-06:00','2025-10-25 23:44:06.6654614-06:00',NULL,22,5,45.0);
INSERT INTO planned_sets VALUES(43,'2025-10-25 23:44:06.6654614-06:00','2025-10-25 23:44:06.6654614-06:00',NULL,23,7,80.0);
INSERT INTO planned_sets VALUES(44,'2025-10-25 23:44:06.6654614-06:00','2025-10-25 23:44:06.6654614-06:00',NULL,23,7,80.0);
INSERT INTO planned_sets VALUES(45,'2025-10-25 23:44:06.6654614-06:00','2025-10-25 23:44:06.6654614-06:00',NULL,24,9,-100.0);
INSERT INTO planned_sets VALUES(46,'2025-10-25 23:44:06.6654614-06:00','2025-10-25 23:44:06.6654614-06:00',NULL,25,16,10.0);
INSERT INTO planned_sets VALUES(47,'2025-10-25 23:44:06.6654614-06:00','2025-10-25 23:44:06.6654614-06:00',NULL,25,14,10.0);
INSERT INTO planned_sets VALUES(48,'2025-10-25 23:44:06.6654614-06:00','2025-10-25 23:44:06.6654614-06:00',NULL,26,7,80.0);
INSERT INTO planned_sets VALUES(49,'2025-10-25 23:44:06.6654614-06:00','2025-10-25 23:44:06.6654614-06:00',NULL,26,6,80.0);
INSERT INTO planned_sets VALUES(50,'2025-10-25 23:44:06.6654614-06:00','2025-10-25 23:44:06.6654614-06:00',NULL,27,7,95.0);
INSERT INTO planned_sets VALUES(51,'2025-10-25 23:44:06.6654614-06:00','2025-10-25 23:44:06.6654614-06:00',NULL,27,7,95.0);
INSERT INTO planned_sets VALUES(52,'2025-10-25 23:44:06.6654614-06:00','2025-10-25 23:44:06.6654614-06:00',NULL,28,8,40.0);
INSERT INTO planned_sets VALUES(53,'2025-10-25 23:44:06.6654614-06:00','2025-10-25 23:44:06.6654614-06:00',NULL,28,8,40.0);
INSERT INTO planned_sets VALUES(54,'2025-10-25 23:44:06.6654614-06:00','2025-10-25 23:44:06.6654614-06:00',NULL,29,6,100.0);
INSERT INTO planned_sets VALUES(55,'2025-10-25 23:44:06.6654614-06:00','2025-10-25 23:44:06.6654614-06:00',NULL,29,6,100.0);
INSERT INTO planned_sets VALUES(56,'2025-10-25 23:44:06.6654614-06:00','2025-10-25 23:44:06.6654614-06:00',NULL,30,7,105.0);
INSERT INTO planned_sets VALUES(57,'2025-10-25 23:44:06.6654614-06:00','2025-10-25 23:44:06.6654614-06:00',NULL,30,7,105.0);
INSERT INTO planned_sets VALUES(58,'2025-10-25 23:44:06.6654614-06:00','2025-10-25 23:44:06.6654614-06:00',NULL,31,7,80.0);
INSERT INTO planned_sets VALUES(59,'2025-10-25 23:44:06.6654614-06:00','2025-10-25 23:44:06.6654614-06:00',NULL,31,6,80.0);
INSERT INTO planned_sets VALUES(60,'2025-10-25 23:44:06.6654614-06:00','2025-10-25 23:44:06.6654614-06:00',NULL,32,9,20.0);
INSERT INTO planned_sets VALUES(61,'2025-10-25 23:44:06.6654614-06:00','2025-10-25 23:44:06.6654614-06:00',NULL,32,7,20.0);
INSERT INTO planned_sets VALUES(62,'2025-10-25 23:44:06.6654614-06:00','2025-10-25 23:44:06.6654614-06:00',NULL,33,5,22.5);
INSERT INTO planned_sets VALUES(63,'2025-10-25 23:44:06.6654614-06:00','2025-10-25 23:44:06.6654614-06:00',NULL,33,6,22.5);
CREATE TABLE `workout_plan_exercises` (`exercise_id` integer,`workout_plan_id` integer,PRIMARY KEY (`exercise_id`,`workout_plan_id`),CONSTRAINT `fk_workout_plan_exercises_exercise` FOREIGN KEY (`exercise_id`) REFERENCES `exercises`(`id`),CONSTRAINT `fk_workout_plan_exercises_workout_plan` FOREIGN KEY (`workout_plan_id`) REFERENCES `workout_plans`(`id`));
INSERT INTO workout_plan_exercises VALUES(1,1);
INSERT INTO workout_plan_exercises VALUES(2,1);
INSERT INTO workout_plan_exercises VALUES(3,1);
INSERT INTO workout_plan_exercises VALUES(4,1);
INSERT INTO workout_plan_exercises VALUES(5,1);
INSERT INTO workout_plan_exercises VALUES(13,1);
INSERT INTO workout_plan_exercises VALUES(14,1);
INSERT INTO workout_plan_exercises VALUES(10,2);
INSERT INTO workout_plan_exercises VALUES(11,2);
INSERT INTO workout_plan_exercises VALUES(12,2);
INSERT INTO workout_plan_exercises VALUES(9,2);
INSERT INTO workout_plan_exercises VALUES(15,2);
INSERT INTO workout_plan_exercises VALUES(16,2);
INSERT INTO workout_plan_exercises VALUES(24,3);
INSERT INTO workout_plan_exercises VALUES(25,3);
INSERT INTO workout_plan_exercises VALUES(20,3);
INSERT INTO workout_plan_exercises VALUES(21,3);
INSERT INTO workout_plan_exercises VALUES(6,3);
INSERT INTO workout_plan_exercises VALUES(7,3);
INSERT INTO workout_plan_exercises VALUES(17,3);
INSERT INTO workout_plan_exercises VALUES(18,3);
INSERT INTO workout_plan_exercises VALUES(1,4);
INSERT INTO workout_plan_exercises VALUES(2,4);
INSERT INTO workout_plan_exercises VALUES(3,4);
INSERT INTO workout_plan_exercises VALUES(4,4);
INSERT INTO workout_plan_exercises VALUES(5,4);
INSERT INTO workout_plan_exercises VALUES(10,4);
INSERT INTO workout_plan_exercises VALUES(11,4);
INSERT INTO workout_plan_exercises VALUES(12,4);
INSERT INTO workout_plan_exercises VALUES(13,4);
INSERT INTO workout_plan_exercises VALUES(14,4);
INSERT INTO workout_plan_exercises VALUES(15,4);
INSERT INTO workout_plan_exercises VALUES(16,4);
INSERT INTO workout_plan_exercises VALUES(24,5);
INSERT INTO workout_plan_exercises VALUES(25,5);
INSERT INTO workout_plan_exercises VALUES(20,5);
INSERT INTO workout_plan_exercises VALUES(21,5);
INSERT INTO workout_plan_exercises VALUES(6,5);
INSERT INTO workout_plan_exercises VALUES(7,5);
INSERT INTO workout_plan_exercises VALUES(23,5);
INSERT INTO workout_plan_exercises VALUES(19,5);
INSERT INTO workout_plan_exercises VALUES(17,5);
INSERT INTO workout_plan_exercises VALUES(18,5);
CREATE TABLE `workout_plans` (`id` integer PRIMARY KEY AUTOINCREMENT,`created_at` datetime,`updated_at` datetime,`deleted_at` datetime,`name` text);
INSERT INTO workout_plans VALUES(1,'2025-11-04 23:37:10.5940603-07:00','2025-11-04 23:37:10.5940603-07:00',NULL,'Push');
INSERT INTO workout_plans VALUES(2,'2025-11-04 23:37:10.5983024-07:00','2025-11-04 23:37:10.5983024-07:00',NULL,'Pull');
INSERT INTO workout_plans VALUES(3,'2025-11-04 23:37:10.6024639-07:00','2025-11-04 23:37:10.6024639-07:00',NULL,'Legs');
INSERT INTO workout_plans VALUES(4,'2025-11-04 23:37:10.6066126-07:00','2025-11-04 23:37:10.6066126-07:00',NULL,'Upper');
INSERT INTO workout_plans VALUES(5,'2025-11-04 23:37:10.6107718-07:00','2025-11-04 23:37:10.6107718-07:00',NULL,'Lower');
INSERT INTO workout_plans VALUES(6,'2025-11-04 23:37:10.6150907-07:00','2025-11-04 23:37:10.6150907-07:00',NULL,'Active Rest');
INSERT INTO workout_plans VALUES(7,'2025-11-04 23:37:10.6192586-07:00','2025-11-04 23:37:10.6192586-07:00',NULL,'Rest');
CREATE TABLE `exercises` (`id` integer PRIMARY KEY AUTOINCREMENT,`created_at` datetime,`updated_at` datetime,`deleted_at` datetime,`name` text NOT NULL,`rep_rollover` integer);
INSERT INTO exercises VALUES(1,'2025-11-04 23:37:10.4930637-07:00','2025-11-04 23:37:10.4930637-07:00',NULL,'Incline Press',10);
INSERT INTO exercises VALUES(2,'2025-11-04 23:37:10.4972353-07:00','2025-11-04 23:37:10.4972353-07:00',NULL,'Chest Fly',10);
INSERT INTO exercises VALUES(3,'2025-11-04 23:37:10.5014093-07:00','2025-11-04 23:37:10.5014093-07:00',NULL,'Dips',10);
INSERT INTO exercises VALUES(4,'2025-11-04 23:37:10.5050895-07:00','2025-11-04 23:37:10.5050895-07:00',NULL,'Lat Raise',10);
INSERT INTO exercises VALUES(5,'2025-11-04 23:37:10.509301-07:00','2025-11-04 23:37:10.509301-07:00',NULL,'Shoulder Press',10);
INSERT INTO exercises VALUES(6,'2025-11-04 23:37:10.5129692-07:00','2025-11-04 23:37:10.5129692-07:00',NULL,'Squat',10);
INSERT INTO exercises VALUES(7,'2025-11-04 23:37:10.5171011-07:00','2025-11-04 23:37:10.5171011-07:00',NULL,'Deadlift',10);
INSERT INTO exercises VALUES(8,'2025-11-04 23:37:10.5207558-07:00','2025-11-04 23:37:10.5207558-07:00',NULL,'Bench Press',10);
INSERT INTO exercises VALUES(9,'2025-11-04 23:37:10.5247975-07:00','2025-11-04 23:37:10.5247975-07:00',NULL,'Cable Rows',10);
INSERT INTO exercises VALUES(10,'2025-11-04 23:37:10.528988-07:00','2025-11-04 23:37:10.528988-07:00',NULL,'Barbell Rows',10);
INSERT INTO exercises VALUES(11,'2025-11-04 23:37:10.5331355-07:00','2025-11-04 23:37:10.5331355-07:00',NULL,'Face Pulls',10);
INSERT INTO exercises VALUES(12,'2025-11-04 23:37:10.5373202-07:00','2025-11-04 23:37:10.5373202-07:00',NULL,'Pulldowns',10);
INSERT INTO exercises VALUES(13,'2025-11-04 23:37:10.5414863-07:00','2025-11-04 23:37:10.5414863-07:00',NULL,'JM Press',10);
INSERT INTO exercises VALUES(14,'2025-11-04 23:37:10.5451303-07:00','2025-11-04 23:37:10.5451303-07:00',NULL,'Extensions',10);
INSERT INTO exercises VALUES(15,'2025-11-04 23:37:10.5492945-07:00','2025-11-04 23:37:10.5492945-07:00',NULL,'Incline Curls',10);
INSERT INTO exercises VALUES(16,'2025-11-04 23:37:10.5529965-07:00','2025-11-04 23:37:10.5529965-07:00',NULL,'Hammer Curls',10);
INSERT INTO exercises VALUES(17,'2025-11-04 23:37:10.5572364-07:00','2025-11-04 23:37:10.5572364-07:00',NULL,'Calf Raises',10);
INSERT INTO exercises VALUES(18,'2025-11-04 23:37:10.5609375-07:00','2025-11-04 23:37:10.5609375-07:00',NULL,'Ab Crunches',10);
INSERT INTO exercises VALUES(19,'2025-11-04 23:37:10.5651134-07:00','2025-11-04 23:37:10.5651134-07:00',NULL,'Leg Press',10);
INSERT INTO exercises VALUES(20,'2025-11-04 23:37:10.5693199-07:00','2025-11-04 23:37:10.5693199-07:00',NULL,'Leg Extensions',10);
INSERT INTO exercises VALUES(21,'2025-11-04 23:37:10.5730158-07:00','2025-11-04 23:37:10.5730158-07:00',NULL,'Hamstring Curls',10);
INSERT INTO exercises VALUES(22,'2025-11-04 23:37:10.5772459-07:00','2025-11-04 23:37:10.5772459-07:00',NULL,'Hip Press',10);
INSERT INTO exercises VALUES(23,'2025-11-04 23:37:10.5814544-07:00','2025-11-04 23:37:10.5814544-07:00',NULL,'Hip Extensions',10);
INSERT INTO exercises VALUES(24,'2025-11-04 23:37:10.5856777-07:00','2025-11-04 23:37:10.5856777-07:00',NULL,'Outer Thigh',10);
INSERT INTO exercises VALUES(25,'2025-11-04 23:37:10.5898637-07:00','2025-11-04 23:37:10.5898637-07:00',NULL,'Inner Thigh',10);
CREATE TABLE `workout_logs` (`id` integer PRIMARY KEY AUTOINCREMENT,`created_at` datetime,`updated_at` datetime,`deleted_at` datetime,`date` datetime,`workout_plan_id` integer,CONSTRAINT `fk_workout_logs_workout_plan` FOREIGN KEY (`workout_plan_id`) REFERENCES `workout_plans`(`id`));
INSERT INTO workout_logs VALUES(1,'2025-11-04 23:37:10.6234545-07:00','2025-11-04 23:37:10.6234545-07:00',NULL,'2025-09-01 00:00:00-06:00',7);
INSERT INTO workout_logs VALUES(2,'2025-11-04 23:37:10.6275996-07:00','2025-11-04 23:37:10.6275996-07:00',NULL,'2025-09-02 00:00:00-06:00',1);
INSERT INTO workout_logs VALUES(3,'2025-11-04 23:37:10.6315878-07:00','2025-11-04 23:37:10.6315878-07:00',NULL,'2025-09-03 00:00:00-06:00',2);
INSERT INTO workout_logs VALUES(4,'2025-11-04 23:37:10.635755-07:00','2025-11-04 23:37:10.635755-07:00',NULL,'2025-09-04 00:00:00-06:00',3);
INSERT INTO workout_logs VALUES(5,'2025-11-04 23:37:10.6393863-07:00','2025-11-04 23:37:10.6393863-07:00',NULL,'2025-09-05 00:00:00-06:00',6);
INSERT INTO workout_logs VALUES(6,'2025-11-04 23:37:10.6436031-07:00','2025-11-04 23:37:10.6436031-07:00',NULL,'2025-09-06 00:00:00-06:00',4);
INSERT INTO workout_logs VALUES(7,'2025-11-04 23:37:10.6472425-07:00','2025-11-04 23:37:10.6472425-07:00',NULL,'2025-09-07 00:00:00-06:00',5);
INSERT INTO workout_logs VALUES(8,'2025-11-04 23:37:10.6514083-07:00','2025-11-04 23:37:10.6514083-07:00',NULL,'2025-09-08 00:00:00-06:00',7);
INSERT INTO workout_logs VALUES(9,'2025-11-04 23:37:10.6555887-07:00','2025-11-04 23:37:10.6555887-07:00',NULL,'2025-09-09 00:00:00-06:00',1);
INSERT INTO workout_logs VALUES(10,'2025-11-04 23:37:10.6597931-07:00','2025-11-04 23:37:10.6597931-07:00',NULL,'2025-09-10 00:00:00-06:00',2);
INSERT INTO workout_logs VALUES(11,'2025-11-04 23:37:10.6639672-07:00','2025-11-04 23:37:10.6639672-07:00',NULL,'2025-09-11 00:00:00-06:00',3);
INSERT INTO workout_logs VALUES(12,'2025-11-04 23:37:10.6681666-07:00','2025-11-04 23:37:10.6681666-07:00',NULL,'2025-09-12 00:00:00-06:00',6);
INSERT INTO workout_logs VALUES(13,'2025-11-04 23:37:10.6717889-07:00','2025-11-04 23:37:10.6717889-07:00',NULL,'2025-09-13 00:00:00-06:00',4);
INSERT INTO workout_logs VALUES(14,'2025-11-04 23:37:10.6759791-07:00','2025-11-04 23:37:10.6759791-07:00',NULL,'2025-09-14 00:00:00-06:00',5);
INSERT INTO workout_logs VALUES(15,'2025-11-04 23:37:10.6796042-07:00','2025-11-04 23:37:10.6796042-07:00',NULL,'2025-09-15 00:00:00-06:00',7);
INSERT INTO workout_logs VALUES(16,'2025-11-04 23:37:10.683776-07:00','2025-11-04 23:37:10.683776-07:00',NULL,'2025-09-16 00:00:00-06:00',1);
INSERT INTO workout_logs VALUES(17,'2025-11-04 23:37:10.6879398-07:00','2025-11-04 23:37:10.6879398-07:00',NULL,'2025-09-17 00:00:00-06:00',2);
INSERT INTO workout_logs VALUES(18,'2025-11-04 23:37:10.759924-07:00','2025-11-04 23:37:10.759924-07:00',NULL,'2025-09-18 00:00:00-06:00',3);
INSERT INTO workout_logs VALUES(19,'2025-11-04 23:37:10.9239713-07:00','2025-11-04 23:37:10.9239713-07:00',NULL,'2025-09-19 00:00:00-06:00',6);
INSERT INTO workout_logs VALUES(20,'2025-11-04 23:37:10.928113-07:00','2025-11-04 23:37:10.928113-07:00',NULL,'2025-09-20 00:00:00-06:00',4);
INSERT INTO workout_logs VALUES(21,'2025-11-04 23:37:10.9317143-07:00','2025-11-04 23:37:10.9317143-07:00',NULL,'2025-09-21 00:00:00-06:00',5);
INSERT INTO workout_logs VALUES(22,'2025-11-04 23:37:10.935873-07:00','2025-11-04 23:37:10.935873-07:00',NULL,'2025-09-22 00:00:00-06:00',7);
INSERT INTO workout_logs VALUES(23,'2025-11-04 23:37:10.9400181-07:00','2025-11-04 23:37:10.9400181-07:00',NULL,'2025-09-23 00:00:00-06:00',1);
INSERT INTO workout_logs VALUES(24,'2025-11-04 23:37:10.9441602-07:00','2025-11-04 23:37:10.9441602-07:00',NULL,'2025-09-24 00:00:00-06:00',2);
INSERT INTO workout_logs VALUES(25,'2025-11-04 23:37:10.9545458-07:00','2025-11-04 23:37:10.9545458-07:00',NULL,'2025-09-25 00:00:00-06:00',3);
INSERT INTO workout_logs VALUES(26,'2025-11-04 23:37:10.9650304-07:00','2025-11-04 23:37:10.9650304-07:00',NULL,'2025-09-26 00:00:00-06:00',6);
INSERT INTO workout_logs VALUES(27,'2025-11-04 23:37:10.9760294-07:00','2025-11-04 23:37:10.9760294-07:00',NULL,'2025-09-27 00:00:00-06:00',4);
INSERT INTO workout_logs VALUES(28,'2025-11-04 23:37:10.9869617-07:00','2025-11-04 23:37:10.9869617-07:00',NULL,'2025-09-28 00:00:00-06:00',5);
INSERT INTO workout_logs VALUES(29,'2025-11-04 23:37:10.9911549-07:00','2025-11-04 23:37:10.9911549-07:00',NULL,'2025-09-29 00:00:00-06:00',7);
INSERT INTO workout_logs VALUES(30,'2025-11-04 23:37:10.9953261-07:00','2025-11-04 23:37:10.9953261-07:00',NULL,'2025-09-30 00:00:00-06:00',1);
INSERT INTO workout_logs VALUES(31,'2025-11-04 23:37:10.9995157-07:00','2025-11-04 23:37:10.9995157-07:00',NULL,'2025-10-01 00:00:00-06:00',2);
INSERT INTO workout_logs VALUES(32,'2025-11-04 23:37:11.0036507-07:00','2025-11-04 23:37:11.0036507-07:00',NULL,'2025-10-02 00:00:00-06:00',3);
INSERT INTO workout_logs VALUES(33,'2025-11-04 23:37:11.0078151-07:00','2025-11-04 23:37:11.0078151-07:00',NULL,'2025-10-03 00:00:00-06:00',6);
INSERT INTO workout_logs VALUES(34,'2025-11-04 23:37:11.0121576-07:00','2025-11-04 23:37:11.0121576-07:00',NULL,'2025-10-04 00:00:00-06:00',4);
INSERT INTO workout_logs VALUES(35,'2025-11-04 23:37:11.0163222-07:00','2025-11-04 23:37:11.0163222-07:00',NULL,'2025-10-05 00:00:00-06:00',5);
INSERT INTO workout_logs VALUES(36,'2025-11-04 23:37:11.0204825-07:00','2025-11-04 23:37:11.0204825-07:00',NULL,'2025-10-06 00:00:00-06:00',7);
INSERT INTO workout_logs VALUES(37,'2025-11-04 23:37:11.0246659-07:00','2025-11-04 23:37:11.0246659-07:00',NULL,'2025-10-07 00:00:00-06:00',1);
INSERT INTO workout_logs VALUES(38,'2025-11-04 23:37:11.0288786-07:00','2025-11-04 23:37:11.0288786-07:00',NULL,'2025-10-08 00:00:00-06:00',2);
INSERT INTO workout_logs VALUES(39,'2025-11-04 23:37:11.0330759-07:00','2025-11-04 23:37:11.0330759-07:00',NULL,'2025-10-09 00:00:00-06:00',3);
INSERT INTO workout_logs VALUES(40,'2025-11-04 23:37:11.0372587-07:00','2025-11-04 23:37:11.0372587-07:00',NULL,'2025-10-10 00:00:00-06:00',6);
INSERT INTO workout_logs VALUES(41,'2025-11-04 23:37:11.0415028-07:00','2025-11-04 23:37:11.0415028-07:00',NULL,'2025-10-11 00:00:00-06:00',4);
INSERT INTO workout_logs VALUES(42,'2025-11-04 23:37:11.0462755-07:00','2025-11-04 23:37:11.0462755-07:00',NULL,'2025-10-12 00:00:00-06:00',5);
INSERT INTO workout_logs VALUES(43,'2025-11-04 23:37:11.0499438-07:00','2025-11-04 23:37:11.0499438-07:00',NULL,'2025-10-13 00:00:00-06:00',7);
INSERT INTO workout_logs VALUES(44,'2025-11-04 23:37:11.0541294-07:00','2025-11-04 23:37:11.0541294-07:00',NULL,'2025-10-14 00:00:00-06:00',1);
INSERT INTO workout_logs VALUES(45,'2025-11-04 23:37:11.0584233-07:00','2025-11-04 23:37:11.0584233-07:00',NULL,'2025-10-15 00:00:00-06:00',2);
INSERT INTO workout_logs VALUES(46,'2025-11-04 23:37:11.0625865-07:00','2025-11-04 23:37:11.0625865-07:00',NULL,'2025-10-16 00:00:00-06:00',3);
INSERT INTO workout_logs VALUES(47,'2025-11-04 23:37:11.06678-07:00','2025-11-04 23:37:11.06678-07:00',NULL,'2025-10-17 00:00:00-06:00',6);
INSERT INTO workout_logs VALUES(48,'2025-11-04 23:37:11.0709339-07:00','2025-11-04 23:37:11.0709339-07:00',NULL,'2025-10-18 00:00:00-06:00',4);
INSERT INTO workout_logs VALUES(49,'2025-11-04 23:37:11.0751953-07:00','2025-11-04 23:37:11.0751953-07:00',NULL,'2025-10-19 00:00:00-06:00',5);
INSERT INTO workout_logs VALUES(50,'2025-11-04 23:37:11.0794167-07:00','2025-11-04 23:37:11.0794167-07:00',NULL,'2025-10-20 00:00:00-06:00',7);
INSERT INTO workout_logs VALUES(51,'2025-11-04 23:37:11.0873148-07:00','2025-11-04 23:37:11.0873148-07:00',NULL,'2025-10-21 00:00:00-06:00',1);
INSERT INTO workout_logs VALUES(52,'2025-11-04 23:37:11.0915374-07:00','2025-11-04 23:37:11.0915374-07:00',NULL,'2025-10-22 00:00:00-06:00',2);
INSERT INTO workout_logs VALUES(53,'2025-11-04 23:37:11.0957265-07:00','2025-11-04 23:37:11.0957265-07:00',NULL,'2025-10-23 00:00:00-06:00',3);
INSERT INTO workout_logs VALUES(54,'2025-11-04 23:37:11.0993738-07:00','2025-11-04 23:37:11.0993738-07:00',NULL,'2025-10-24 00:00:00-06:00',6);
INSERT INTO workout_logs VALUES(55,'2025-11-04 23:37:11.1036258-07:00','2025-11-04 23:37:11.1036258-07:00',NULL,'2025-10-25 00:00:00-06:00',4);
INSERT INTO workout_logs VALUES(56,'2025-11-04 23:37:11.1083689-07:00','2025-11-04 23:37:11.1083689-07:00',NULL,'2025-10-26 00:00:00-06:00',5);
INSERT INTO workout_logs VALUES(57,'2025-11-04 23:37:11.1125783-07:00','2025-11-04 23:37:11.1125783-07:00',NULL,'2025-10-27 00:00:00-06:00',7);
INSERT INTO workout_logs VALUES(58,'2025-11-04 23:37:11.1174328-07:00','2025-11-04 23:37:11.1174328-07:00',NULL,'2025-10-28 00:00:00-06:00',1);
INSERT INTO workout_logs VALUES(59,'2025-11-04 23:37:11.1222439-07:00','2025-11-04 23:37:11.1222439-07:00',NULL,'2025-10-29 00:00:00-06:00',2);
INSERT INTO workout_logs VALUES(60,'2025-11-04 23:37:11.1275263-07:00','2025-11-04 23:37:11.1275263-07:00',NULL,'2025-10-30 00:00:00-06:00',3);
INSERT INTO workout_logs VALUES(61,'2025-11-04 23:37:11.1322957-07:00','2025-11-04 23:37:11.1322957-07:00',NULL,'2025-10-31 00:00:00-06:00',6);
INSERT INTO workout_logs VALUES(62,'2025-11-04 23:37:11.1370943-07:00','2025-11-04 23:37:11.1370943-07:00',NULL,'2025-11-01 00:00:00-06:00',4);
INSERT INTO workout_logs VALUES(63,'2025-11-04 23:37:11.1413199-07:00','2025-11-04 23:37:11.1413199-07:00',NULL,'2025-11-02 00:00:00-06:00',5);
INSERT INTO workout_logs VALUES(64,'2025-11-04 23:37:11.1466048-07:00','2025-11-04 23:37:11.1466048-07:00',NULL,'2025-11-03 00:00:00-07:00',7);
INSERT INTO workout_logs VALUES(65,'2025-11-04 23:37:11.1508747-07:00','2025-11-04 23:37:11.1508747-07:00',NULL,'2025-11-04 00:00:00-07:00',1);
INSERT INTO workout_logs VALUES(66,'2025-11-04 23:37:11.1561427-07:00','2025-11-04 23:37:11.1561427-07:00',NULL,'2025-11-05 00:00:00-07:00',2);
INSERT INTO workout_logs VALUES(67,'2025-11-04 23:37:11.1607981-07:00','2025-11-04 23:37:11.1607981-07:00',NULL,'2025-11-06 00:00:00-07:00',3);
INSERT INTO workout_logs VALUES(68,'2025-11-04 23:37:11.1659357-07:00','2025-11-04 23:37:11.1659357-07:00',NULL,'2025-11-07 00:00:00-07:00',6);
INSERT INTO workout_logs VALUES(69,'2025-11-04 23:37:11.1799358-07:00','2025-11-04 23:37:11.1799358-07:00',NULL,'2025-11-08 00:00:00-07:00',4);
INSERT INTO workout_logs VALUES(70,'2025-11-04 23:37:11.1909345-07:00','2025-11-04 23:37:11.1909345-07:00',NULL,'2025-11-09 00:00:00-07:00',5);
INSERT INTO workout_logs VALUES(71,'2025-11-04 23:37:11.2019351-07:00','2025-11-04 23:37:11.2019351-07:00',NULL,'2025-11-10 00:00:00-07:00',7);
INSERT INTO workout_logs VALUES(72,'2025-11-04 23:37:11.2059363-07:00','2025-11-04 23:37:11.2059363-07:00',NULL,'2025-11-11 00:00:00-07:00',1);
INSERT INTO workout_logs VALUES(73,'2025-11-04 23:37:11.209935-07:00','2025-11-04 23:37:11.209935-07:00',NULL,'2025-11-12 00:00:00-07:00',2);
INSERT INTO workout_logs VALUES(74,'2025-11-04 23:37:11.2139348-07:00','2025-11-04 23:37:11.2139348-07:00',NULL,'2025-11-13 00:00:00-07:00',3);
INSERT INTO workout_logs VALUES(75,'2025-11-04 23:37:11.2189355-07:00','2025-11-04 23:37:11.2189355-07:00',NULL,'2025-11-14 00:00:00-07:00',6);
INSERT INTO workout_logs VALUES(76,'2025-11-04 23:37:11.2707094-07:00','2025-11-04 23:37:11.2707094-07:00',NULL,'2025-11-15 00:00:00-07:00',4);
INSERT INTO workout_logs VALUES(77,'2025-11-04 23:37:11.2758978-07:00','2025-11-04 23:37:11.2758978-07:00',NULL,'2025-11-16 00:00:00-07:00',5);
INSERT INTO workout_logs VALUES(78,'2025-11-04 23:37:11.2818973-07:00','2025-11-04 23:37:11.2818973-07:00',NULL,'2025-11-17 00:00:00-07:00',7);
INSERT INTO workout_logs VALUES(79,'2025-11-04 23:37:11.2948391-07:00','2025-11-04 23:37:11.2948391-07:00',NULL,'2025-11-18 00:00:00-07:00',1);
INSERT INTO workout_logs VALUES(80,'2025-11-04 23:37:11.3001542-07:00','2025-11-04 23:37:11.3001542-07:00',NULL,'2025-11-19 00:00:00-07:00',2);
INSERT INTO workout_logs VALUES(81,'2025-11-04 23:37:11.3055747-07:00','2025-11-04 23:37:11.3055747-07:00',NULL,'2025-11-20 00:00:00-07:00',3);
INSERT INTO workout_logs VALUES(82,'2025-11-04 23:37:11.3102218-07:00','2025-11-04 23:37:11.3102218-07:00',NULL,'2025-11-21 00:00:00-07:00',6);
INSERT INTO workout_logs VALUES(83,'2025-11-04 23:37:11.3152209-07:00','2025-11-04 23:37:11.3152209-07:00',NULL,'2025-11-22 00:00:00-07:00',4);
INSERT INTO workout_logs VALUES(84,'2025-11-04 23:37:11.3202214-07:00','2025-11-04 23:37:11.3202214-07:00',NULL,'2025-11-23 00:00:00-07:00',5);
INSERT INTO workout_logs VALUES(85,'2025-11-04 23:37:11.3252219-07:00','2025-11-04 23:37:11.3252219-07:00',NULL,'2025-11-24 00:00:00-07:00',7);
INSERT INTO workout_logs VALUES(86,'2025-11-04 23:37:11.3302223-07:00','2025-11-04 23:37:11.3302223-07:00',NULL,'2025-11-25 00:00:00-07:00',1);
INSERT INTO workout_logs VALUES(87,'2025-11-04 23:37:11.3362218-07:00','2025-11-04 23:37:11.3362218-07:00',NULL,'2025-11-26 00:00:00-07:00',2);
INSERT INTO workout_logs VALUES(88,'2025-11-04 23:37:11.3422222-07:00','2025-11-04 23:37:11.3422222-07:00',NULL,'2025-11-27 00:00:00-07:00',3);
INSERT INTO workout_logs VALUES(89,'2025-11-04 23:37:11.3482212-07:00','2025-11-04 23:37:11.3482212-07:00',NULL,'2025-11-28 00:00:00-07:00',6);
INSERT INTO workout_logs VALUES(90,'2025-11-04 23:37:11.353222-07:00','2025-11-04 23:37:11.353222-07:00',NULL,'2025-11-29 00:00:00-07:00',4);
INSERT INTO workout_logs VALUES(91,'2025-11-04 23:37:11.3582219-07:00','2025-11-04 23:37:11.3582219-07:00',NULL,'2025-11-30 00:00:00-07:00',5);
INSERT INTO workout_logs VALUES(92,'2025-11-04 23:37:11.3632218-07:00','2025-11-04 23:37:11.3632218-07:00',NULL,'2025-12-01 00:00:00-07:00',7);
INSERT INTO workout_logs VALUES(93,'2025-11-04 23:37:11.3682227-07:00','2025-11-04 23:37:11.3682227-07:00',NULL,'2025-12-02 00:00:00-07:00',1);
INSERT INTO workout_logs VALUES(94,'2025-11-04 23:37:11.3772216-07:00','2025-11-04 23:37:11.3772216-07:00',NULL,'2025-12-03 00:00:00-07:00',2);
INSERT INTO workout_logs VALUES(95,'2025-11-04 23:37:11.3822214-07:00','2025-11-04 23:37:11.3822214-07:00',NULL,'2025-12-04 00:00:00-07:00',3);
INSERT INTO workout_logs VALUES(96,'2025-11-04 23:37:11.3872212-07:00','2025-11-04 23:37:11.3872212-07:00',NULL,'2025-12-05 00:00:00-07:00',6);
INSERT INTO workout_logs VALUES(97,'2025-11-04 23:37:11.3912212-07:00','2025-11-04 23:37:11.3912212-07:00',NULL,'2025-12-06 00:00:00-07:00',4);
INSERT INTO workout_logs VALUES(98,'2025-11-04 23:37:11.3952214-07:00','2025-11-04 23:37:11.3952214-07:00',NULL,'2025-12-07 00:00:00-07:00',5);
INSERT INTO workout_logs VALUES(99,'2025-11-04 23:37:11.4002223-07:00','2025-11-04 23:37:11.4002223-07:00',NULL,'2025-12-08 00:00:00-07:00',7);
INSERT INTO workout_logs VALUES(100,'2025-11-04 23:37:11.4052214-07:00','2025-11-04 23:37:11.4052214-07:00',NULL,'2025-12-09 00:00:00-07:00',1);
INSERT INTO workout_logs VALUES(101,'2025-11-04 23:37:11.4112216-07:00','2025-11-04 23:37:11.4112216-07:00',NULL,'2025-12-10 00:00:00-07:00',2);
INSERT INTO workout_logs VALUES(102,'2025-11-04 23:37:11.4162215-07:00','2025-11-04 23:37:11.4162215-07:00',NULL,'2025-12-11 00:00:00-07:00',3);
INSERT INTO workout_logs VALUES(103,'2025-11-04 23:37:11.4222221-07:00','2025-11-04 23:37:11.4222221-07:00',NULL,'2025-12-12 00:00:00-07:00',6);
INSERT INTO workout_logs VALUES(104,'2025-11-04 23:37:11.4272214-07:00','2025-11-04 23:37:11.4272214-07:00',NULL,'2025-12-13 00:00:00-07:00',4);
INSERT INTO workout_logs VALUES(105,'2025-11-04 23:37:11.4332215-07:00','2025-11-04 23:37:11.4332215-07:00',NULL,'2025-12-14 00:00:00-07:00',5);
INSERT INTO workout_logs VALUES(106,'2025-11-04 23:37:11.4382218-07:00','2025-11-04 23:37:11.4382218-07:00',NULL,'2025-12-15 00:00:00-07:00',7);
INSERT INTO workout_logs VALUES(107,'2025-11-04 23:37:11.4442212-07:00','2025-11-04 23:37:11.4442212-07:00',NULL,'2025-12-16 00:00:00-07:00',1);
INSERT INTO workout_logs VALUES(108,'2025-11-04 23:37:11.449222-07:00','2025-11-04 23:37:11.449222-07:00',NULL,'2025-12-17 00:00:00-07:00',2);
INSERT INTO workout_logs VALUES(109,'2025-11-04 23:37:11.453222-07:00','2025-11-04 23:37:11.453222-07:00',NULL,'2025-12-18 00:00:00-07:00',3);
INSERT INTO workout_logs VALUES(110,'2025-11-04 23:37:11.4582232-07:00','2025-11-04 23:37:11.4582232-07:00',NULL,'2025-12-19 00:00:00-07:00',6);
INSERT INTO workout_logs VALUES(111,'2025-11-04 23:37:11.462223-07:00','2025-11-04 23:37:11.462223-07:00',NULL,'2025-12-20 00:00:00-07:00',4);
INSERT INTO workout_logs VALUES(112,'2025-11-04 23:37:11.4662237-07:00','2025-11-04 23:37:11.4662237-07:00',NULL,'2025-12-21 00:00:00-07:00',5);
INSERT INTO workout_logs VALUES(113,'2025-11-04 23:37:11.4702237-07:00','2025-11-04 23:37:11.4702237-07:00',NULL,'2025-12-22 00:00:00-07:00',7);
INSERT INTO workout_logs VALUES(114,'2025-11-04 23:37:11.4752225-07:00','2025-11-04 23:37:11.4752225-07:00',NULL,'2025-12-23 00:00:00-07:00',1);
INSERT INTO workout_logs VALUES(115,'2025-11-04 23:37:11.4792228-07:00','2025-11-04 23:37:11.4792228-07:00',NULL,'2025-12-24 00:00:00-07:00',2);
INSERT INTO workout_logs VALUES(116,'2025-11-04 23:37:11.4832227-07:00','2025-11-04 23:37:11.4832227-07:00',NULL,'2025-12-25 00:00:00-07:00',3);
INSERT INTO workout_logs VALUES(117,'2025-11-04 23:37:11.4872214-07:00','2025-11-04 23:37:11.4872214-07:00',NULL,'2025-12-26 00:00:00-07:00',6);
INSERT INTO workout_logs VALUES(118,'2025-11-04 23:37:11.4912208-07:00','2025-11-04 23:37:11.4912208-07:00',NULL,'2025-12-27 00:00:00-07:00',4);
INSERT INTO workout_logs VALUES(119,'2025-11-04 23:37:11.4962219-07:00','2025-11-04 23:37:11.4962219-07:00',NULL,'2025-12-28 00:00:00-07:00',5);
INSERT INTO workout_logs VALUES(120,'2025-11-04 23:37:11.5002218-07:00','2025-11-04 23:37:11.5002218-07:00',NULL,'2025-12-29 00:00:00-07:00',7);
INSERT INTO workout_logs VALUES(121,'2025-11-04 23:37:11.5042218-07:00','2025-11-04 23:37:11.5042218-07:00',NULL,'2025-12-30 00:00:00-07:00',1);
INSERT INTO workout_logs VALUES(122,'2025-11-04 23:37:11.5092221-07:00','2025-11-04 23:37:11.5092221-07:00',NULL,'2025-12-31 00:00:00-07:00',2);
CREATE TABLE `logged_exercises` (`id` integer PRIMARY KEY AUTOINCREMENT,`created_at` datetime,`updated_at` datetime,`deleted_at` datetime,`workout_log_id` integer,`exercise_id` integer,`weight_setup` text,CONSTRAINT `fk_logged_exercises_exercise` FOREIGN KEY (`exercise_id`) REFERENCES `exercises`(`id`),CONSTRAINT `fk_workout_logs_exercises` FOREIGN KEY (`workout_log_id`) REFERENCES `workout_logs`(`id`) ON DELETE CASCADE);
INSERT INTO logged_exercises VALUES(1,'2025-11-04 23:38:59.0150518-07:00','2025-11-04 23:38:59.0150518-07:00',NULL,58,1,'');
INSERT INTO logged_exercises VALUES(2,'2025-11-04 23:39:09.7280807-07:00','2025-11-04 23:39:09.7280807-07:00',NULL,58,2,'');
INSERT INTO logged_exercises VALUES(3,'2025-11-04 23:39:20.6139667-07:00','2025-11-04 23:39:20.6139667-07:00',NULL,58,3,'');
INSERT INTO logged_exercises VALUES(4,'2025-11-04 23:39:29.695221-07:00','2025-11-04 23:39:29.695221-07:00',NULL,58,4,'');
INSERT INTO logged_exercises VALUES(5,'2025-11-04 23:39:38.6020876-07:00','2025-11-04 23:39:38.6020876-07:00',NULL,58,5,'');
INSERT INTO logged_exercises VALUES(6,'2025-11-04 23:39:49.9606088-07:00','2025-11-04 23:39:49.9606088-07:00',NULL,58,13,'');
INSERT INTO logged_exercises VALUES(7,'2025-11-04 23:39:56.0943427-07:00','2025-11-04 23:39:56.0943427-07:00',NULL,58,14,'');
INSERT INTO logged_exercises VALUES(8,'2025-11-04 23:40:08.5327532-07:00','2025-11-04 23:40:08.5327532-07:00',NULL,59,10,'');
INSERT INTO logged_exercises VALUES(9,'2025-11-04 23:40:15.6447677-07:00','2025-11-04 23:40:15.6447677-07:00',NULL,59,11,'');
INSERT INTO logged_exercises VALUES(10,'2025-11-04 23:40:31.0256123-07:00','2025-11-04 23:40:31.0256123-07:00',NULL,59,12,'');
INSERT INTO logged_exercises VALUES(11,'2025-11-04 23:40:39.1698546-07:00','2025-11-04 23:40:39.1698546-07:00',NULL,59,15,'');
INSERT INTO logged_exercises VALUES(12,'2025-11-04 23:40:47.4004666-07:00','2025-11-04 23:40:47.4004666-07:00',NULL,59,16,'');
INSERT INTO logged_exercises VALUES(13,'2025-11-04 23:40:52.9642947-07:00','2025-11-04 23:40:52.9642947-07:00',NULL,59,9,'');
INSERT INTO logged_exercises VALUES(14,'2025-11-04 23:41:13.3120895-07:00','2025-11-04 23:41:13.3120895-07:00',NULL,60,6,'');
INSERT INTO logged_exercises VALUES(15,'2025-11-04 23:41:22.8109196-07:00','2025-11-04 23:41:22.8109196-07:00',NULL,60,7,'');
INSERT INTO logged_exercises VALUES(16,'2025-11-04 23:41:32.8487289-07:00','2025-11-04 23:41:32.8487289-07:00',NULL,60,17,'');
INSERT INTO logged_exercises VALUES(17,'2025-11-04 23:41:43.0422837-07:00','2025-11-04 23:41:43.0422837-07:00',NULL,60,18,'');
INSERT INTO logged_exercises VALUES(18,'2025-11-04 23:42:00.5497195-07:00','2025-11-04 23:42:00.5497195-07:00',NULL,60,20,'');
INSERT INTO logged_exercises VALUES(19,'2025-11-04 23:42:07.2725268-07:00','2025-11-04 23:42:07.2725268-07:00',NULL,60,21,'');
INSERT INTO logged_exercises VALUES(20,'2025-11-04 23:42:10.7471679-07:00','2025-11-04 23:42:10.7471679-07:00',NULL,60,24,'');
INSERT INTO logged_exercises VALUES(21,'2025-11-04 23:42:14.7059684-07:00','2025-11-04 23:42:14.7059684-07:00',NULL,60,25,'');
INSERT INTO logged_exercises VALUES(22,'2025-11-04 23:42:31.0443583-07:00','2025-11-04 23:42:31.0443583-07:00',NULL,62,1,'');
INSERT INTO logged_exercises VALUES(23,'2025-11-04 23:42:38.1492646-07:00','2025-11-04 23:42:38.1492646-07:00',NULL,62,2,'');
INSERT INTO logged_exercises VALUES(24,'2025-11-04 23:42:43.7748173-07:00','2025-11-04 23:42:43.7748173-07:00',NULL,62,3,'');
INSERT INTO logged_exercises VALUES(25,'2025-11-04 23:42:50.7702106-07:00','2025-11-04 23:42:50.7702106-07:00',NULL,62,4,'');
INSERT INTO logged_exercises VALUES(26,'2025-11-04 23:42:58.5800817-07:00','2025-11-04 23:42:58.5800817-07:00',NULL,62,5,'');
INSERT INTO logged_exercises VALUES(27,'2025-11-04 23:43:05.3482743-07:00','2025-11-04 23:43:05.3482743-07:00',NULL,62,11,'');
INSERT INTO logged_exercises VALUES(28,'2025-11-04 23:43:11.7101767-07:00','2025-11-04 23:43:11.7101767-07:00',NULL,62,12,'');
INSERT INTO logged_exercises VALUES(29,'2025-11-04 23:43:16.2297648-07:00','2025-11-04 23:43:16.2297648-07:00',NULL,62,13,'');
INSERT INTO logged_exercises VALUES(30,'2025-11-04 23:43:22.83877-07:00','2025-11-04 23:43:22.83877-07:00',NULL,62,14,'');
INSERT INTO logged_exercises VALUES(31,'2025-11-04 23:43:30.3743016-07:00','2025-11-04 23:43:30.3743016-07:00',NULL,62,15,'');
INSERT INTO logged_exercises VALUES(32,'2025-11-04 23:43:34.3875074-07:00','2025-11-04 23:43:34.3875074-07:00',NULL,62,16,'');
INSERT INTO logged_exercises VALUES(33,'2025-11-04 23:43:46.0543368-07:00','2025-11-04 23:43:46.0543368-07:00',NULL,62,10,'');
INSERT INTO logged_exercises VALUES(34,'2025-11-04 23:43:57.301452-07:00','2025-11-04 23:43:57.301452-07:00',NULL,63,6,'');
INSERT INTO logged_exercises VALUES(35,'2025-11-04 23:44:03.8449678-07:00','2025-11-04 23:44:03.8449678-07:00',NULL,63,7,'');
INSERT INTO logged_exercises VALUES(36,'2025-11-04 23:44:08.5859853-07:00','2025-11-04 23:44:08.5859853-07:00',NULL,63,17,'');
INSERT INTO logged_exercises VALUES(37,'2025-11-04 23:44:12.4302622-07:00','2025-11-04 23:44:12.4302622-07:00',NULL,63,18,'');
INSERT INTO logged_exercises VALUES(38,'2025-11-04 23:44:18.4978494-07:00','2025-11-04 23:44:18.4978494-07:00',NULL,63,19,'');
INSERT INTO logged_exercises VALUES(39,'2025-11-04 23:44:27.2900652-07:00','2025-11-04 23:44:27.2900652-07:00',NULL,63,20,'');
INSERT INTO logged_exercises VALUES(40,'2025-11-04 23:44:36.5549194-07:00','2025-11-04 23:44:36.5549194-07:00',NULL,63,21,'');
INSERT INTO logged_exercises VALUES(41,'2025-11-04 23:44:43.5559316-07:00','2025-11-04 23:44:43.5559316-07:00',NULL,63,23,'');
INSERT INTO logged_exercises VALUES(42,'2025-11-04 23:44:48.7419734-07:00','2025-11-04 23:44:48.7419734-07:00',NULL,63,24,'');
INSERT INTO logged_exercises VALUES(43,'2025-11-04 23:44:50.2326409-07:00','2025-11-04 23:44:50.2326409-07:00',NULL,63,25,'');
CREATE TABLE `logged_sets` (`id` integer PRIMARY KEY AUTOINCREMENT,`created_at` datetime,`updated_at` datetime,`deleted_at` datetime,`logged_exercise_id` integer,`reps` integer,`weight` real,CONSTRAINT `fk_logged_exercises_sets` FOREIGN KEY (`logged_exercise_id`) REFERENCES `logged_exercises`(`id`) ON DELETE CASCADE);
INSERT INTO logged_sets VALUES(1,'2025-11-04 23:38:59.0155798-07:00','2025-11-04 23:38:59.0155798-07:00',NULL,1,5,45.0);
INSERT INTO logged_sets VALUES(2,'2025-11-04 23:38:59.0155798-07:00','2025-11-04 23:38:59.0155798-07:00',NULL,1,4,45.0);
INSERT INTO logged_sets VALUES(3,'2025-11-04 23:39:09.7291252-07:00','2025-11-04 23:39:09.7291252-07:00',NULL,2,8,80.0);
INSERT INTO logged_sets VALUES(4,'2025-11-04 23:39:09.7291252-07:00','2025-11-04 23:39:09.7291252-07:00',NULL,2,8,80.0);
INSERT INTO logged_sets VALUES(5,'2025-11-04 23:39:20.6145604-07:00','2025-11-04 23:39:20.6145604-07:00',NULL,3,9,-100.0);
INSERT INTO logged_sets VALUES(6,'2025-11-04 23:39:29.6957471-07:00','2025-11-04 23:39:29.6957471-07:00',NULL,4,12,10.0);
INSERT INTO logged_sets VALUES(7,'2025-11-04 23:39:29.6957471-07:00','2025-11-04 23:39:29.6957471-07:00',NULL,4,11,10.0);
INSERT INTO logged_sets VALUES(8,'2025-11-04 23:39:38.6026134-07:00','2025-11-04 23:39:38.6026134-07:00',NULL,5,7,80.0);
INSERT INTO logged_sets VALUES(9,'2025-11-04 23:39:38.6026134-07:00','2025-11-04 23:39:38.6026134-07:00',NULL,5,7,80.0);
INSERT INTO logged_sets VALUES(10,'2025-11-04 23:39:49.9611632-07:00','2025-11-04 23:39:49.9611632-07:00',NULL,6,7,30.0);
INSERT INTO logged_sets VALUES(11,'2025-11-04 23:39:49.9611632-07:00','2025-11-04 23:39:49.9611632-07:00',NULL,6,7,30.0);
INSERT INTO logged_sets VALUES(12,'2025-11-04 23:39:56.0948668-07:00','2025-11-04 23:39:56.0948668-07:00',NULL,7,9,80.0);
INSERT INTO logged_sets VALUES(13,'2025-11-04 23:40:08.5332816-07:00','2025-11-04 23:40:08.5332816-07:00',NULL,8,8,25.0);
INSERT INTO logged_sets VALUES(14,'2025-11-04 23:40:08.5332816-07:00','2025-11-04 23:40:08.5332816-07:00',NULL,8,8,25.0);
INSERT INTO logged_sets VALUES(15,'2025-11-04 23:40:15.6452904-07:00','2025-11-04 23:40:15.6452904-07:00',NULL,9,11,40.0);
INSERT INTO logged_sets VALUES(16,'2025-11-04 23:40:15.6452904-07:00','2025-11-04 23:40:15.6452904-07:00',NULL,9,11,40.0);
INSERT INTO logged_sets VALUES(17,'2025-11-04 23:40:31.0267607-07:00','2025-11-04 23:40:31.0267607-07:00',NULL,10,7,100.0);
INSERT INTO logged_sets VALUES(18,'2025-11-04 23:40:31.0267607-07:00','2025-11-04 23:40:31.0267607-07:00',NULL,10,6,100.0);
INSERT INTO logged_sets VALUES(19,'2025-11-04 23:40:39.1703904-07:00','2025-11-04 23:40:39.1703904-07:00',NULL,11,8,20.0);
INSERT INTO logged_sets VALUES(20,'2025-11-04 23:40:39.1703904-07:00','2025-11-04 23:40:39.1703904-07:00',NULL,11,8,20.0);
INSERT INTO logged_sets VALUES(21,'2025-11-04 23:40:47.4015167-07:00','2025-11-04 23:40:47.4015167-07:00',NULL,12,8,22.5);
INSERT INTO logged_sets VALUES(22,'2025-11-04 23:40:47.4015167-07:00','2025-11-04 23:40:47.4015167-07:00',NULL,12,7,22.5);
INSERT INTO logged_sets VALUES(23,'2025-11-04 23:40:52.9648305-07:00','2025-11-04 23:40:52.9648305-07:00',NULL,13,7,60.0);
INSERT INTO logged_sets VALUES(24,'2025-11-04 23:41:13.3126104-07:00','2025-11-04 23:41:13.3126104-07:00',NULL,14,6,40.0);
INSERT INTO logged_sets VALUES(25,'2025-11-04 23:41:13.3126104-07:00','2025-11-04 23:41:13.3126104-07:00',NULL,14,6,40.0);
INSERT INTO logged_sets VALUES(26,'2025-11-04 23:41:22.811452-07:00','2025-11-04 23:41:22.811452-07:00',NULL,15,7,35.0);
INSERT INTO logged_sets VALUES(27,'2025-11-04 23:41:22.811452-07:00','2025-11-04 23:41:22.811452-07:00',NULL,15,8,35.0);
INSERT INTO logged_sets VALUES(28,'2025-11-04 23:41:32.8492841-07:00','2025-11-04 23:41:32.8492841-07:00',NULL,16,16,90.0);
INSERT INTO logged_sets VALUES(29,'2025-11-04 23:41:43.0428145-07:00','2025-11-04 23:41:43.0428145-07:00',NULL,17,8,110.0);
INSERT INTO logged_sets VALUES(30,'2025-11-04 23:42:00.5507759-07:00','2025-11-04 23:42:00.5507759-07:00',NULL,18,8,80.0);
INSERT INTO logged_sets VALUES(31,'2025-11-04 23:42:00.5507759-07:00','2025-11-04 23:42:00.5507759-07:00',NULL,18,9,80.0);
INSERT INTO logged_sets VALUES(32,'2025-11-04 23:42:00.5507759-07:00','2025-11-04 23:42:00.5507759-07:00',NULL,18,8,80.0);
INSERT INTO logged_sets VALUES(33,'2025-11-04 23:42:07.273066-07:00','2025-11-04 23:42:07.273066-07:00',NULL,19,8,75.0);
INSERT INTO logged_sets VALUES(34,'2025-11-04 23:42:07.273066-07:00','2025-11-04 23:42:07.273066-07:00',NULL,19,9,75.0);
INSERT INTO logged_sets VALUES(35,'2025-11-04 23:42:10.747691-07:00','2025-11-04 23:42:10.747691-07:00',NULL,20,8,80.0);
INSERT INTO logged_sets VALUES(36,'2025-11-04 23:42:14.7059684-07:00','2025-11-04 23:42:14.7059684-07:00',NULL,21,10,70.0);
INSERT INTO logged_sets VALUES(37,'2025-11-04 23:42:31.0448729-07:00','2025-11-04 23:42:31.0448729-07:00',NULL,22,6,45.0);
INSERT INTO logged_sets VALUES(38,'2025-11-04 23:42:31.0448729-07:00','2025-11-04 23:42:31.0448729-07:00',NULL,22,5,45.0);
INSERT INTO logged_sets VALUES(39,'2025-11-04 23:42:38.1497968-07:00','2025-11-04 23:42:38.1497968-07:00',NULL,23,8,80.0);
INSERT INTO logged_sets VALUES(40,'2025-11-04 23:42:38.1497968-07:00','2025-11-04 23:42:38.1497968-07:00',NULL,23,8,80.0);
INSERT INTO logged_sets VALUES(41,'2025-11-04 23:42:43.7758394-07:00','2025-11-04 23:42:43.7758394-07:00',NULL,24,10,-100.0);
INSERT INTO logged_sets VALUES(42,'2025-11-04 23:42:50.7707408-07:00','2025-11-04 23:42:50.7707408-07:00',NULL,25,12,10.0);
INSERT INTO logged_sets VALUES(43,'2025-11-04 23:42:50.7707408-07:00','2025-11-04 23:42:50.7707408-07:00',NULL,25,11,10.0);
INSERT INTO logged_sets VALUES(44,'2025-11-04 23:42:58.5806262-07:00','2025-11-04 23:42:58.5806262-07:00',NULL,26,8,80.0);
INSERT INTO logged_sets VALUES(45,'2025-11-04 23:42:58.5806262-07:00','2025-11-04 23:42:58.5806262-07:00',NULL,26,8,80.0);
INSERT INTO logged_sets VALUES(46,'2025-11-04 23:43:05.3493157-07:00','2025-11-04 23:43:05.3493157-07:00',NULL,27,11,40.0);
INSERT INTO logged_sets VALUES(47,'2025-11-04 23:43:11.7106947-07:00','2025-11-04 23:43:11.7106947-07:00',NULL,28,7,100.0);
INSERT INTO logged_sets VALUES(48,'2025-11-04 23:43:11.7106947-07:00','2025-11-04 23:43:11.7106947-07:00',NULL,28,7,100.0);
INSERT INTO logged_sets VALUES(49,'2025-11-04 23:43:16.2308261-07:00','2025-11-04 23:43:16.2308261-07:00',NULL,29,7,30.0);
INSERT INTO logged_sets VALUES(50,'2025-11-04 23:43:16.2308261-07:00','2025-11-04 23:43:16.2308261-07:00',NULL,29,7,30.0);
INSERT INTO logged_sets VALUES(51,'2025-11-04 23:43:22.8392907-07:00','2025-11-04 23:43:22.8392907-07:00',NULL,30,9,80.0);
INSERT INTO logged_sets VALUES(52,'2025-11-04 23:43:22.8392907-07:00','2025-11-04 23:43:22.8392907-07:00',NULL,30,8,80.0);
INSERT INTO logged_sets VALUES(53,'2025-11-04 23:43:30.3748164-07:00','2025-11-04 23:43:30.3748164-07:00',NULL,31,9,20.0);
INSERT INTO logged_sets VALUES(54,'2025-11-04 23:43:30.3748164-07:00','2025-11-04 23:43:30.3748164-07:00',NULL,31,8,20.0);
INSERT INTO logged_sets VALUES(55,'2025-11-04 23:43:34.3880263-07:00','2025-11-04 23:43:34.3880263-07:00',NULL,32,7,22.5);
INSERT INTO logged_sets VALUES(56,'2025-11-04 23:43:46.0548684-07:00','2025-11-04 23:43:46.0548684-07:00',NULL,33,9,25.0);
INSERT INTO logged_sets VALUES(57,'2025-11-04 23:43:46.0548684-07:00','2025-11-04 23:43:46.0548684-07:00',NULL,33,9,25.0);
INSERT INTO logged_sets VALUES(58,'2025-11-04 23:43:57.301989-07:00','2025-11-04 23:43:57.301989-07:00',NULL,34,7,40.0);
INSERT INTO logged_sets VALUES(59,'2025-11-04 23:43:57.301989-07:00','2025-11-04 23:43:57.301989-07:00',NULL,34,6,40.0);
INSERT INTO logged_sets VALUES(60,'2025-11-04 23:44:03.8455007-07:00','2025-11-04 23:44:03.8455007-07:00',NULL,35,7,35.0);
INSERT INTO logged_sets VALUES(61,'2025-11-04 23:44:03.8455007-07:00','2025-11-04 23:44:03.8455007-07:00',NULL,35,7,35.0);
INSERT INTO logged_sets VALUES(62,'2025-11-04 23:44:08.587498-07:00','2025-11-04 23:44:08.587498-07:00',NULL,36,15,90.0);
INSERT INTO logged_sets VALUES(63,'2025-11-04 23:44:12.4307827-07:00','2025-11-04 23:44:12.4307827-07:00',NULL,37,9,110.0);
INSERT INTO logged_sets VALUES(64,'2025-11-04 23:44:12.4307827-07:00','2025-11-04 23:44:12.4307827-07:00',NULL,37,9,110.0);
INSERT INTO logged_sets VALUES(65,'2025-11-04 23:44:18.4983799-07:00','2025-11-04 23:44:18.4983799-07:00',NULL,38,6,180.0);
INSERT INTO logged_sets VALUES(66,'2025-11-04 23:44:27.2906172-07:00','2025-11-04 23:44:27.2906172-07:00',NULL,39,9,80.0);
INSERT INTO logged_sets VALUES(67,'2025-11-04 23:44:27.2906172-07:00','2025-11-04 23:44:27.2906172-07:00',NULL,39,9,80.0);
INSERT INTO logged_sets VALUES(68,'2025-11-04 23:44:27.2906172-07:00','2025-11-04 23:44:27.2906172-07:00',NULL,39,9,80.0);
INSERT INTO logged_sets VALUES(69,'2025-11-04 23:44:36.5564278-07:00','2025-11-04 23:44:36.5564278-07:00',NULL,40,7,80.0);
INSERT INTO logged_sets VALUES(70,'2025-11-04 23:44:36.5564278-07:00','2025-11-04 23:44:36.5564278-07:00',NULL,40,7,80.0);
INSERT INTO logged_sets VALUES(71,'2025-11-04 23:44:36.5564278-07:00','2025-11-04 23:44:36.5564278-07:00',NULL,40,7,80.0);
INSERT INTO logged_sets VALUES(72,'2025-11-04 23:44:43.5559316-07:00','2025-11-04 23:44:43.5559316-07:00',NULL,41,7,25.0);
INSERT INTO logged_sets VALUES(73,'2025-11-04 23:44:48.7430368-07:00','2025-11-04 23:44:48.7430368-07:00',NULL,42,8,80.0);
INSERT INTO logged_sets VALUES(74,'2025-11-04 23:44:50.2331722-07:00','2025-11-04 23:44:50.2331722-07:00',NULL,43,8,70.0);
CREATE TABLE `cardios` (`id` integer PRIMARY KEY AUTOINCREMENT,`created_at` datetime,`updated_at` datetime,`deleted_at` datetime,`workout_log_id` integer NOT NULL,`minutes` integer,`type` text,CONSTRAINT `fk_workout_logs_cardio` FOREIGN KEY (`workout_log_id`) REFERENCES `workout_logs`(`id`) ON DELETE CASCADE);
CREATE TABLE `plans` (`id` integer PRIMARY KEY AUTOINCREMENT,`created_at` datetime,`updated_at` datetime,`deleted_at` datetime,`name` text,`calories` real,`protein` real,`fiber` real,`carbs` real);
INSERT INTO plans VALUES(1,'2025-11-04 23:38:17.9238724-07:00','2025-11-04 23:38:17.9238724-07:00',NULL,'Bulk',2400.0,150.0,50.0,150.0);
CREATE TABLE `days` (`id` integer PRIMARY KEY AUTOINCREMENT,`created_at` datetime,`updated_at` datetime,`deleted_at` datetime,`date` datetime,`plan_id` integer,CONSTRAINT `fk_days_plan` FOREIGN KEY (`plan_id`) REFERENCES `plans`(`id`));
INSERT INTO days VALUES(1,'2025-11-04 23:38:17.9286466-07:00','2025-11-04 23:38:17.9286466-07:00',NULL,'2025-09-01 00:00:00-06:00',1);
INSERT INTO days VALUES(2,'2025-11-04 23:38:17.9328543-07:00','2025-11-04 23:38:17.9328543-07:00',NULL,'2025-09-02 00:00:00-06:00',1);
INSERT INTO days VALUES(3,'2025-11-04 23:38:17.9370232-07:00','2025-11-04 23:38:17.9370232-07:00',NULL,'2025-09-03 00:00:00-06:00',1);
INSERT INTO days VALUES(4,'2025-11-04 23:38:17.9406928-07:00','2025-11-04 23:38:17.9406928-07:00',NULL,'2025-09-04 00:00:00-06:00',1);
INSERT INTO days VALUES(5,'2025-11-04 23:38:17.9449067-07:00','2025-11-04 23:38:17.9449067-07:00',NULL,'2025-09-05 00:00:00-06:00',1);
INSERT INTO days VALUES(6,'2025-11-04 23:38:17.9485775-07:00','2025-11-04 23:38:17.9485775-07:00',NULL,'2025-09-06 00:00:00-06:00',1);
INSERT INTO days VALUES(7,'2025-11-04 23:38:17.9527398-07:00','2025-11-04 23:38:17.9527398-07:00',NULL,'2025-09-07 00:00:00-06:00',1);
INSERT INTO days VALUES(8,'2025-11-04 23:38:17.9569417-07:00','2025-11-04 23:38:17.9569417-07:00',NULL,'2025-09-08 00:00:00-06:00',1);
INSERT INTO days VALUES(9,'2025-11-04 23:38:17.9606331-07:00','2025-11-04 23:38:17.9606331-07:00',NULL,'2025-09-09 00:00:00-06:00',1);
INSERT INTO days VALUES(10,'2025-11-04 23:38:17.964815-07:00','2025-11-04 23:38:17.964815-07:00',NULL,'2025-09-10 00:00:00-06:00',1);
INSERT INTO days VALUES(11,'2025-11-04 23:38:17.9684813-07:00','2025-11-04 23:38:17.9684813-07:00',NULL,'2025-09-11 00:00:00-06:00',1);
INSERT INTO days VALUES(12,'2025-11-04 23:38:17.9726699-07:00','2025-11-04 23:38:17.9726699-07:00',NULL,'2025-09-12 00:00:00-06:00',1);
INSERT INTO days VALUES(13,'2025-11-04 23:38:17.9762965-07:00','2025-11-04 23:38:17.9762965-07:00',NULL,'2025-09-13 00:00:00-06:00',1);
INSERT INTO days VALUES(14,'2025-11-04 23:38:17.9804965-07:00','2025-11-04 23:38:17.9804965-07:00',NULL,'2025-09-14 00:00:00-06:00',1);
INSERT INTO days VALUES(15,'2025-11-04 23:38:17.9841252-07:00','2025-11-04 23:38:17.9841252-07:00',NULL,'2025-09-15 00:00:00-06:00',1);
INSERT INTO days VALUES(16,'2025-11-04 23:38:17.9878394-07:00','2025-11-04 23:38:17.9878394-07:00',NULL,'2025-09-16 00:00:00-06:00',1);
INSERT INTO days VALUES(17,'2025-11-04 23:38:17.9920079-07:00','2025-11-04 23:38:17.9920079-07:00',NULL,'2025-09-17 00:00:00-06:00',1);
INSERT INTO days VALUES(18,'2025-11-04 23:38:17.99568-07:00','2025-11-04 23:38:17.99568-07:00',NULL,'2025-09-18 00:00:00-06:00',1);
INSERT INTO days VALUES(19,'2025-11-04 23:38:17.999868-07:00','2025-11-04 23:38:17.999868-07:00',NULL,'2025-09-19 00:00:00-06:00',1);
INSERT INTO days VALUES(20,'2025-11-04 23:38:18.0040678-07:00','2025-11-04 23:38:18.0040678-07:00',NULL,'2025-09-20 00:00:00-06:00',1);
INSERT INTO days VALUES(21,'2025-11-04 23:38:18.0077853-07:00','2025-11-04 23:38:18.0077853-07:00',NULL,'2025-09-21 00:00:00-06:00',1);
INSERT INTO days VALUES(22,'2025-11-04 23:38:18.0114647-07:00','2025-11-04 23:38:18.0114647-07:00',NULL,'2025-09-22 00:00:00-06:00',1);
INSERT INTO days VALUES(23,'2025-11-04 23:38:18.0156228-07:00','2025-11-04 23:38:18.0156228-07:00',NULL,'2025-09-23 00:00:00-06:00',1);
INSERT INTO days VALUES(24,'2025-11-04 23:38:18.0197806-07:00','2025-11-04 23:38:18.0197806-07:00',NULL,'2025-09-24 00:00:00-06:00',1);
INSERT INTO days VALUES(25,'2025-11-04 23:38:18.0239289-07:00','2025-11-04 23:38:18.0239289-07:00',NULL,'2025-09-25 00:00:00-06:00',1);
INSERT INTO days VALUES(26,'2025-11-04 23:38:18.0281211-07:00','2025-11-04 23:38:18.0281211-07:00',NULL,'2025-09-26 00:00:00-06:00',1);
INSERT INTO days VALUES(27,'2025-11-04 23:38:18.0328711-07:00','2025-11-04 23:38:18.0328711-07:00',NULL,'2025-09-27 00:00:00-06:00',1);
INSERT INTO days VALUES(28,'2025-11-04 23:38:18.0370321-07:00','2025-11-04 23:38:18.0370321-07:00',NULL,'2025-09-28 00:00:00-06:00',1);
INSERT INTO days VALUES(29,'2025-11-04 23:38:18.0411881-07:00','2025-11-04 23:38:18.0411881-07:00',NULL,'2025-09-29 00:00:00-06:00',1);
INSERT INTO days VALUES(30,'2025-11-04 23:38:18.0453495-07:00','2025-11-04 23:38:18.0453495-07:00',NULL,'2025-09-30 00:00:00-06:00',1);
INSERT INTO days VALUES(31,'2025-11-04 23:38:18.0490597-07:00','2025-11-04 23:38:18.0490597-07:00',NULL,'2025-10-01 00:00:00-06:00',1);
INSERT INTO days VALUES(32,'2025-11-04 23:38:18.0532552-07:00','2025-11-04 23:38:18.0532552-07:00',NULL,'2025-10-02 00:00:00-06:00',1);
INSERT INTO days VALUES(33,'2025-11-04 23:38:18.0574264-07:00','2025-11-04 23:38:18.0574264-07:00',NULL,'2025-10-03 00:00:00-06:00',1);
INSERT INTO days VALUES(34,'2025-11-04 23:38:18.0610572-07:00','2025-11-04 23:38:18.0610572-07:00',NULL,'2025-10-04 00:00:00-06:00',1);
INSERT INTO days VALUES(35,'2025-11-04 23:38:18.0652292-07:00','2025-11-04 23:38:18.0652292-07:00',NULL,'2025-10-05 00:00:00-06:00',1);
INSERT INTO days VALUES(36,'2025-11-04 23:38:18.068873-07:00','2025-11-04 23:38:18.068873-07:00',NULL,'2025-10-06 00:00:00-06:00',1);
INSERT INTO days VALUES(37,'2025-11-04 23:38:18.0725229-07:00','2025-11-04 23:38:18.0725229-07:00',NULL,'2025-10-07 00:00:00-06:00',1);
INSERT INTO days VALUES(38,'2025-11-04 23:38:18.0768772-07:00','2025-11-04 23:38:18.0768772-07:00',NULL,'2025-10-08 00:00:00-06:00',1);
INSERT INTO days VALUES(39,'2025-11-04 23:38:18.0810825-07:00','2025-11-04 23:38:18.0810825-07:00',NULL,'2025-10-09 00:00:00-06:00',1);
INSERT INTO days VALUES(40,'2025-11-04 23:38:18.0847186-07:00','2025-11-04 23:38:18.0847186-07:00',NULL,'2025-10-10 00:00:00-06:00',1);
INSERT INTO days VALUES(41,'2025-11-04 23:38:18.088871-07:00','2025-11-04 23:38:18.088871-07:00',NULL,'2025-10-11 00:00:00-06:00',1);
INSERT INTO days VALUES(42,'2025-11-04 23:38:18.092526-07:00','2025-11-04 23:38:18.092526-07:00',NULL,'2025-10-12 00:00:00-06:00',1);
INSERT INTO days VALUES(43,'2025-11-04 23:38:18.097201-07:00','2025-11-04 23:38:18.097201-07:00',NULL,'2025-10-13 00:00:00-06:00',1);
INSERT INTO days VALUES(44,'2025-11-04 23:38:18.1008259-07:00','2025-11-04 23:38:18.1008259-07:00',NULL,'2025-10-14 00:00:00-06:00',1);
INSERT INTO days VALUES(45,'2025-11-04 23:38:18.1049339-07:00','2025-11-04 23:38:18.1049339-07:00',NULL,'2025-10-15 00:00:00-06:00',1);
INSERT INTO days VALUES(46,'2025-11-04 23:38:18.1091528-07:00','2025-11-04 23:38:18.1091528-07:00',NULL,'2025-10-16 00:00:00-06:00',1);
INSERT INTO days VALUES(47,'2025-11-04 23:38:18.1132161-07:00','2025-11-04 23:38:18.1132161-07:00',NULL,'2025-10-17 00:00:00-06:00',1);
INSERT INTO days VALUES(48,'2025-11-04 23:38:18.1173852-07:00','2025-11-04 23:38:18.1173852-07:00',NULL,'2025-10-18 00:00:00-06:00',1);
INSERT INTO days VALUES(49,'2025-11-04 23:38:18.1215385-07:00','2025-11-04 23:38:18.1215385-07:00',NULL,'2025-10-19 00:00:00-06:00',1);
INSERT INTO days VALUES(50,'2025-11-04 23:38:18.1257413-07:00','2025-11-04 23:38:18.1257413-07:00',NULL,'2025-10-20 00:00:00-06:00',1);
INSERT INTO days VALUES(51,'2025-11-04 23:38:18.1298763-07:00','2025-11-04 23:38:18.1298763-07:00',NULL,'2025-10-21 00:00:00-06:00',1);
INSERT INTO days VALUES(52,'2025-11-04 23:38:18.1335126-07:00','2025-11-04 23:38:18.1335126-07:00',NULL,'2025-10-22 00:00:00-06:00',1);
INSERT INTO days VALUES(53,'2025-11-04 23:38:18.1375173-07:00','2025-11-04 23:38:18.1375173-07:00',NULL,'2025-10-23 00:00:00-06:00',1);
INSERT INTO days VALUES(54,'2025-11-04 23:38:18.1416728-07:00','2025-11-04 23:38:18.1416728-07:00',NULL,'2025-10-24 00:00:00-06:00',1);
INSERT INTO days VALUES(55,'2025-11-04 23:38:18.145278-07:00','2025-11-04 23:38:18.145278-07:00',NULL,'2025-10-25 00:00:00-06:00',1);
INSERT INTO days VALUES(56,'2025-11-04 23:38:18.1494235-07:00','2025-11-04 23:38:18.1494235-07:00',NULL,'2025-10-26 00:00:00-06:00',1);
INSERT INTO days VALUES(57,'2025-11-04 23:38:18.1536145-07:00','2025-11-04 23:38:18.1536145-07:00',NULL,'2025-10-27 00:00:00-06:00',1);
INSERT INTO days VALUES(58,'2025-11-04 23:38:18.157788-07:00','2025-11-04 23:38:18.157788-07:00',NULL,'2025-10-28 00:00:00-06:00',1);
INSERT INTO days VALUES(59,'2025-11-04 23:38:18.1614319-07:00','2025-11-04 23:38:18.1614319-07:00',NULL,'2025-10-29 00:00:00-06:00',1);
INSERT INTO days VALUES(60,'2025-11-04 23:38:18.1656058-07:00','2025-11-04 23:38:18.1656058-07:00',NULL,'2025-10-30 00:00:00-06:00',1);
INSERT INTO days VALUES(61,'2025-11-04 23:38:18.1692744-07:00','2025-11-04 23:38:18.1692744-07:00',NULL,'2025-10-31 00:00:00-06:00',1);
INSERT INTO days VALUES(62,'2025-11-04 23:38:18.173447-07:00','2025-11-04 23:38:18.173447-07:00',NULL,'2025-11-01 00:00:00-06:00',1);
INSERT INTO days VALUES(63,'2025-11-04 23:38:18.1770527-07:00','2025-11-04 23:38:18.1770527-07:00',NULL,'2025-11-02 00:00:00-06:00',1);
INSERT INTO days VALUES(64,'2025-11-04 23:38:18.1811976-07:00','2025-11-04 23:38:18.1811976-07:00',NULL,'2025-11-03 00:00:00-07:00',1);
INSERT INTO days VALUES(65,'2025-11-04 23:38:18.1853857-07:00','2025-11-04 23:38:18.1853857-07:00',NULL,'2025-11-04 00:00:00-07:00',1);
INSERT INTO days VALUES(66,'2025-11-04 23:38:18.1890029-07:00','2025-11-04 23:38:18.1890029-07:00',NULL,'2025-11-05 00:00:00-07:00',1);
INSERT INTO days VALUES(67,'2025-11-04 23:38:18.1931501-07:00','2025-11-04 23:38:18.1931501-07:00',NULL,'2025-11-06 00:00:00-07:00',1);
INSERT INTO days VALUES(68,'2025-11-04 23:38:18.196769-07:00','2025-11-04 23:38:18.196769-07:00',NULL,'2025-11-07 00:00:00-07:00',1);
INSERT INTO days VALUES(69,'2025-11-04 23:38:18.2004235-07:00','2025-11-04 23:38:18.2004235-07:00',NULL,'2025-11-08 00:00:00-07:00',1);
INSERT INTO days VALUES(70,'2025-11-04 23:38:18.2045399-07:00','2025-11-04 23:38:18.2045399-07:00',NULL,'2025-11-09 00:00:00-07:00',1);
INSERT INTO days VALUES(71,'2025-11-04 23:38:18.2081547-07:00','2025-11-04 23:38:18.2081547-07:00',NULL,'2025-11-10 00:00:00-07:00',1);
INSERT INTO days VALUES(72,'2025-11-04 23:38:18.2123255-07:00','2025-11-04 23:38:18.2123255-07:00',NULL,'2025-11-11 00:00:00-07:00',1);
INSERT INTO days VALUES(73,'2025-11-04 23:38:18.2159938-07:00','2025-11-04 23:38:18.2159938-07:00',NULL,'2025-11-12 00:00:00-07:00',1);
INSERT INTO days VALUES(74,'2025-11-04 23:38:18.2231994-07:00','2025-11-04 23:38:18.2231994-07:00',NULL,'2025-11-13 00:00:00-07:00',1);
INSERT INTO days VALUES(75,'2025-11-04 23:38:18.2273722-07:00','2025-11-04 23:38:18.2273722-07:00',NULL,'2025-11-14 00:00:00-07:00',1);
INSERT INTO days VALUES(76,'2025-11-04 23:38:18.2315542-07:00','2025-11-04 23:38:18.2315542-07:00',NULL,'2025-11-15 00:00:00-07:00',1);
INSERT INTO days VALUES(77,'2025-11-04 23:38:18.2357213-07:00','2025-11-04 23:38:18.2357213-07:00',NULL,'2025-11-16 00:00:00-07:00',1);
INSERT INTO days VALUES(78,'2025-11-04 23:38:18.2393536-07:00','2025-11-04 23:38:18.2393536-07:00',NULL,'2025-11-17 00:00:00-07:00',1);
INSERT INTO days VALUES(79,'2025-11-04 23:38:18.2435098-07:00','2025-11-04 23:38:18.2435098-07:00',NULL,'2025-11-18 00:00:00-07:00',1);
INSERT INTO days VALUES(80,'2025-11-04 23:38:18.2471818-07:00','2025-11-04 23:38:18.2471818-07:00',NULL,'2025-11-19 00:00:00-07:00',1);
INSERT INTO days VALUES(81,'2025-11-04 23:38:18.2513299-07:00','2025-11-04 23:38:18.2513299-07:00',NULL,'2025-11-20 00:00:00-07:00',1);
INSERT INTO days VALUES(82,'2025-11-04 23:38:18.2554878-07:00','2025-11-04 23:38:18.2554878-07:00',NULL,'2025-11-21 00:00:00-07:00',1);
INSERT INTO days VALUES(83,'2025-11-04 23:38:18.2591184-07:00','2025-11-04 23:38:18.2591184-07:00',NULL,'2025-11-22 00:00:00-07:00',1);
INSERT INTO days VALUES(84,'2025-11-04 23:38:18.2633285-07:00','2025-11-04 23:38:18.2633285-07:00',NULL,'2025-11-23 00:00:00-07:00',1);
INSERT INTO days VALUES(85,'2025-11-04 23:38:18.2669287-07:00','2025-11-04 23:38:18.2669287-07:00',NULL,'2025-11-24 00:00:00-07:00',1);
INSERT INTO days VALUES(86,'2025-11-04 23:38:18.2710728-07:00','2025-11-04 23:38:18.2710728-07:00',NULL,'2025-11-25 00:00:00-07:00',1);
INSERT INTO days VALUES(87,'2025-11-04 23:38:18.2746986-07:00','2025-11-04 23:38:18.2746986-07:00',NULL,'2025-11-26 00:00:00-07:00',1);
INSERT INTO days VALUES(88,'2025-11-04 23:38:18.2789176-07:00','2025-11-04 23:38:18.2789176-07:00',NULL,'2025-11-27 00:00:00-07:00',1);
INSERT INTO days VALUES(89,'2025-11-04 23:38:18.2825567-07:00','2025-11-04 23:38:18.2825567-07:00',NULL,'2025-11-28 00:00:00-07:00',1);
INSERT INTO days VALUES(90,'2025-11-04 23:38:18.2867053-07:00','2025-11-04 23:38:18.2867053-07:00',NULL,'2025-11-29 00:00:00-07:00',1);
INSERT INTO days VALUES(91,'2025-11-04 23:38:18.2908534-07:00','2025-11-04 23:38:18.2908534-07:00',NULL,'2025-11-30 00:00:00-07:00',1);
INSERT INTO days VALUES(92,'2025-11-04 23:38:18.294532-07:00','2025-11-04 23:38:18.294532-07:00',NULL,'2025-12-01 00:00:00-07:00',1);
INSERT INTO days VALUES(93,'2025-11-04 23:38:18.2986949-07:00','2025-11-04 23:38:18.2986949-07:00',NULL,'2025-12-02 00:00:00-07:00',1);
INSERT INTO days VALUES(94,'2025-11-04 23:38:18.3028549-07:00','2025-11-04 23:38:18.3028549-07:00',NULL,'2025-12-03 00:00:00-07:00',1);
INSERT INTO days VALUES(95,'2025-11-04 23:38:18.3065049-07:00','2025-11-04 23:38:18.3065049-07:00',NULL,'2025-12-04 00:00:00-07:00',1);
INSERT INTO days VALUES(96,'2025-11-04 23:38:18.3141008-07:00','2025-11-04 23:38:18.3141008-07:00',NULL,'2025-12-05 00:00:00-07:00',1);
INSERT INTO days VALUES(97,'2025-11-04 23:38:18.3270401-07:00','2025-11-04 23:38:18.3270401-07:00',NULL,'2025-12-06 00:00:00-07:00',1);
INSERT INTO days VALUES(98,'2025-11-04 23:38:18.3402633-07:00','2025-11-04 23:38:18.3402633-07:00',NULL,'2025-12-07 00:00:00-07:00',1);
INSERT INTO days VALUES(99,'2025-11-04 23:38:18.3444405-07:00','2025-11-04 23:38:18.3444405-07:00',NULL,'2025-12-08 00:00:00-07:00',1);
INSERT INTO days VALUES(100,'2025-11-04 23:38:18.3486286-07:00','2025-11-04 23:38:18.3486286-07:00',NULL,'2025-12-09 00:00:00-07:00',1);
INSERT INTO days VALUES(101,'2025-11-04 23:38:18.3528531-07:00','2025-11-04 23:38:18.3528531-07:00',NULL,'2025-12-10 00:00:00-07:00',1);
INSERT INTO days VALUES(102,'2025-11-04 23:38:18.3570569-07:00','2025-11-04 23:38:18.3570569-07:00',NULL,'2025-12-11 00:00:00-07:00',1);
INSERT INTO days VALUES(103,'2025-11-04 23:38:18.3612495-07:00','2025-11-04 23:38:18.3612495-07:00',NULL,'2025-12-12 00:00:00-07:00',1);
INSERT INTO days VALUES(104,'2025-11-04 23:38:18.3686513-07:00','2025-11-04 23:38:18.3686513-07:00',NULL,'2025-12-13 00:00:00-07:00',1);
INSERT INTO days VALUES(105,'2025-11-04 23:38:18.3728027-07:00','2025-11-04 23:38:18.3728027-07:00',NULL,'2025-12-14 00:00:00-07:00',1);
INSERT INTO days VALUES(106,'2025-11-04 23:38:18.3764379-07:00','2025-11-04 23:38:18.3764379-07:00',NULL,'2025-12-15 00:00:00-07:00',1);
INSERT INTO days VALUES(107,'2025-11-04 23:38:18.380587-07:00','2025-11-04 23:38:18.380587-07:00',NULL,'2025-12-16 00:00:00-07:00',1);
INSERT INTO days VALUES(108,'2025-11-04 23:38:18.3847746-07:00','2025-11-04 23:38:18.3847746-07:00',NULL,'2025-12-17 00:00:00-07:00',1);
INSERT INTO days VALUES(109,'2025-11-04 23:38:18.3888654-07:00','2025-11-04 23:38:18.3888654-07:00',NULL,'2025-12-18 00:00:00-07:00',1);
INSERT INTO days VALUES(110,'2025-11-04 23:38:18.3925876-07:00','2025-11-04 23:38:18.3925876-07:00',NULL,'2025-12-19 00:00:00-07:00',1);
INSERT INTO days VALUES(111,'2025-11-04 23:38:18.3967576-07:00','2025-11-04 23:38:18.3967576-07:00',NULL,'2025-12-20 00:00:00-07:00',1);
INSERT INTO days VALUES(112,'2025-11-04 23:38:18.4014917-07:00','2025-11-04 23:38:18.4014917-07:00',NULL,'2025-12-21 00:00:00-07:00',1);
INSERT INTO days VALUES(113,'2025-11-04 23:38:18.4056745-07:00','2025-11-04 23:38:18.4056745-07:00',NULL,'2025-12-22 00:00:00-07:00',1);
INSERT INTO days VALUES(114,'2025-11-04 23:38:18.4093278-07:00','2025-11-04 23:38:18.4093278-07:00',NULL,'2025-12-23 00:00:00-07:00',1);
INSERT INTO days VALUES(115,'2025-11-04 23:38:18.4135621-07:00','2025-11-04 23:38:18.4135621-07:00',NULL,'2025-12-24 00:00:00-07:00',1);
INSERT INTO days VALUES(116,'2025-11-04 23:38:18.4178506-07:00','2025-11-04 23:38:18.4178506-07:00',NULL,'2025-12-25 00:00:00-07:00',1);
INSERT INTO days VALUES(117,'2025-11-04 23:38:18.4219999-07:00','2025-11-04 23:38:18.4219999-07:00',NULL,'2025-12-26 00:00:00-07:00',1);
INSERT INTO days VALUES(118,'2025-11-04 23:38:18.4256103-07:00','2025-11-04 23:38:18.4256103-07:00',NULL,'2025-12-27 00:00:00-07:00',1);
INSERT INTO days VALUES(119,'2025-11-04 23:38:18.4298182-07:00','2025-11-04 23:38:18.4298182-07:00',NULL,'2025-12-28 00:00:00-07:00',1);
INSERT INTO days VALUES(120,'2025-11-04 23:38:18.4340078-07:00','2025-11-04 23:38:18.4340078-07:00',NULL,'2025-12-29 00:00:00-07:00',1);
INSERT INTO days VALUES(121,'2025-11-04 23:38:18.4376518-07:00','2025-11-04 23:38:18.4376518-07:00',NULL,'2025-12-30 00:00:00-07:00',1);
INSERT INTO days VALUES(122,'2025-11-04 23:38:18.4418282-07:00','2025-11-04 23:38:18.4418282-07:00',NULL,'2025-12-31 00:00:00-07:00',1);
INSERT INTO days VALUES(123,'2025-11-04 23:38:18.4460292-07:00','2025-11-04 23:38:18.4460292-07:00',NULL,'2026-01-01 00:00:00-07:00',1);
INSERT INTO days VALUES(124,'2025-11-04 23:38:18.449693-07:00','2025-11-04 23:38:18.449693-07:00',NULL,'2026-01-02 00:00:00-07:00',1);
INSERT INTO days VALUES(125,'2025-11-04 23:38:18.4533553-07:00','2025-11-04 23:38:18.4533553-07:00',NULL,'2026-01-03 00:00:00-07:00',1);
INSERT INTO days VALUES(126,'2025-11-04 23:38:18.4575395-07:00','2025-11-04 23:38:18.4575395-07:00',NULL,'2026-01-04 00:00:00-07:00',1);
INSERT INTO days VALUES(127,'2025-11-04 23:38:18.4612213-07:00','2025-11-04 23:38:18.4612213-07:00',NULL,'2026-01-05 00:00:00-07:00',1);
INSERT INTO days VALUES(128,'2025-11-04 23:38:18.4654216-07:00','2025-11-04 23:38:18.4654216-07:00',NULL,'2026-01-06 00:00:00-07:00',1);
INSERT INTO days VALUES(129,'2025-11-04 23:38:18.4690466-07:00','2025-11-04 23:38:18.4690466-07:00',NULL,'2026-01-07 00:00:00-07:00',1);
INSERT INTO days VALUES(130,'2025-11-04 23:38:18.4726677-07:00','2025-11-04 23:38:18.4726677-07:00',NULL,'2026-01-08 00:00:00-07:00',1);
INSERT INTO days VALUES(131,'2025-11-04 23:38:18.4768298-07:00','2025-11-04 23:38:18.4768298-07:00',NULL,'2026-01-09 00:00:00-07:00',1);
INSERT INTO days VALUES(132,'2025-11-04 23:38:18.480338-07:00','2025-11-04 23:38:18.480338-07:00',NULL,'2026-01-10 00:00:00-07:00',1);
INSERT INTO days VALUES(133,'2025-11-04 23:38:18.4844631-07:00','2025-11-04 23:38:18.4844631-07:00',NULL,'2026-01-11 00:00:00-07:00',1);
INSERT INTO days VALUES(134,'2025-11-04 23:38:18.4886073-07:00','2025-11-04 23:38:18.4886073-07:00',NULL,'2026-01-12 00:00:00-07:00',1);
INSERT INTO days VALUES(135,'2025-11-04 23:38:18.492269-07:00','2025-11-04 23:38:18.492269-07:00',NULL,'2026-01-13 00:00:00-07:00',1);
INSERT INTO days VALUES(136,'2025-11-04 23:38:18.4958863-07:00','2025-11-04 23:38:18.4958863-07:00',NULL,'2026-01-14 00:00:00-07:00',1);
INSERT INTO days VALUES(137,'2025-11-04 23:38:18.5000194-07:00','2025-11-04 23:38:18.5000194-07:00',NULL,'2026-01-15 00:00:00-07:00',1);
INSERT INTO days VALUES(138,'2025-11-04 23:38:18.5041918-07:00','2025-11-04 23:38:18.5041918-07:00',NULL,'2026-01-16 00:00:00-07:00',1);
INSERT INTO days VALUES(139,'2025-11-04 23:38:18.5083431-07:00','2025-11-04 23:38:18.5083431-07:00',NULL,'2026-01-17 00:00:00-07:00',1);
INSERT INTO days VALUES(140,'2025-11-04 23:38:18.5119538-07:00','2025-11-04 23:38:18.5119538-07:00',NULL,'2026-01-18 00:00:00-07:00',1);
INSERT INTO days VALUES(141,'2025-11-04 23:38:18.5161111-07:00','2025-11-04 23:38:18.5161111-07:00',NULL,'2026-01-19 00:00:00-07:00',1);
INSERT INTO days VALUES(142,'2025-11-04 23:38:18.5197604-07:00','2025-11-04 23:38:18.5197604-07:00',NULL,'2026-01-20 00:00:00-07:00',1);
INSERT INTO days VALUES(143,'2025-11-04 23:38:18.5238663-07:00','2025-11-04 23:38:18.5238663-07:00',NULL,'2026-01-21 00:00:00-07:00',1);
INSERT INTO days VALUES(144,'2025-11-04 23:38:18.5280371-07:00','2025-11-04 23:38:18.5280371-07:00',NULL,'2026-01-22 00:00:00-07:00',1);
INSERT INTO days VALUES(145,'2025-11-04 23:38:18.5316991-07:00','2025-11-04 23:38:18.5316991-07:00',NULL,'2026-01-23 00:00:00-07:00',1);
INSERT INTO days VALUES(146,'2025-11-04 23:38:18.5358812-07:00','2025-11-04 23:38:18.5358812-07:00',NULL,'2026-01-24 00:00:00-07:00',1);
INSERT INTO days VALUES(147,'2025-11-04 23:38:18.5394978-07:00','2025-11-04 23:38:18.5394978-07:00',NULL,'2026-01-25 00:00:00-07:00',1);
INSERT INTO days VALUES(148,'2025-11-04 23:38:18.5436408-07:00','2025-11-04 23:38:18.5436408-07:00',NULL,'2026-01-26 00:00:00-07:00',1);
INSERT INTO days VALUES(149,'2025-11-04 23:38:18.5477835-07:00','2025-11-04 23:38:18.5477835-07:00',NULL,'2026-01-27 00:00:00-07:00',1);
INSERT INTO days VALUES(150,'2025-11-04 23:38:18.5514603-07:00','2025-11-04 23:38:18.5514603-07:00',NULL,'2026-01-28 00:00:00-07:00',1);
INSERT INTO days VALUES(151,'2025-11-04 23:38:18.5550628-07:00','2025-11-04 23:38:18.5550628-07:00',NULL,'2026-01-29 00:00:00-07:00',1);
INSERT INTO days VALUES(152,'2025-11-04 23:38:18.5590714-07:00','2025-11-04 23:38:18.5590714-07:00',NULL,'2026-01-30 00:00:00-07:00',1);
INSERT INTO days VALUES(153,'2025-11-04 23:38:18.5627056-07:00','2025-11-04 23:38:18.5627056-07:00',NULL,'2026-01-31 00:00:00-07:00',1);
INSERT INTO days VALUES(154,'2025-11-04 23:38:18.5668941-07:00','2025-11-04 23:38:18.5668941-07:00',NULL,'2026-02-01 00:00:00-07:00',1);
INSERT INTO days VALUES(155,'2025-11-04 23:38:18.5710633-07:00','2025-11-04 23:38:18.5710633-07:00',NULL,'2026-02-02 00:00:00-07:00',1);
INSERT INTO days VALUES(156,'2025-11-04 23:38:18.5746944-07:00','2025-11-04 23:38:18.5746944-07:00',NULL,'2026-02-03 00:00:00-07:00',1);
INSERT INTO days VALUES(157,'2025-11-04 23:38:18.5788439-07:00','2025-11-04 23:38:18.5788439-07:00',NULL,'2026-02-04 00:00:00-07:00',1);
INSERT INTO days VALUES(158,'2025-11-04 23:38:18.5830189-07:00','2025-11-04 23:38:18.5830189-07:00',NULL,'2026-02-05 00:00:00-07:00',1);
INSERT INTO days VALUES(159,'2025-11-04 23:38:18.5866242-07:00','2025-11-04 23:38:18.5866242-07:00',NULL,'2026-02-06 00:00:00-07:00',1);
INSERT INTO days VALUES(160,'2025-11-04 23:38:18.590762-07:00','2025-11-04 23:38:18.590762-07:00',NULL,'2026-02-07 00:00:00-07:00',1);
INSERT INTO days VALUES(161,'2025-11-04 23:38:18.5949181-07:00','2025-11-04 23:38:18.5949181-07:00',NULL,'2026-02-08 00:00:00-07:00',1);
INSERT INTO days VALUES(162,'2025-11-04 23:38:18.598604-07:00','2025-11-04 23:38:18.598604-07:00',NULL,'2026-02-09 00:00:00-07:00',1);
INSERT INTO days VALUES(163,'2025-11-04 23:38:18.6028174-07:00','2025-11-04 23:38:18.6028174-07:00',NULL,'2026-02-10 00:00:00-07:00',1);
INSERT INTO days VALUES(164,'2025-11-04 23:38:18.6064139-07:00','2025-11-04 23:38:18.6064139-07:00',NULL,'2026-02-11 00:00:00-07:00',1);
INSERT INTO days VALUES(165,'2025-11-04 23:38:18.6105417-07:00','2025-11-04 23:38:18.6105417-07:00',NULL,'2026-02-12 00:00:00-07:00',1);
INSERT INTO days VALUES(166,'2025-11-04 23:38:18.6152794-07:00','2025-11-04 23:38:18.6152794-07:00',NULL,'2026-02-13 00:00:00-07:00',1);
INSERT INTO days VALUES(167,'2025-11-04 23:38:18.6189133-07:00','2025-11-04 23:38:18.6189133-07:00',NULL,'2026-02-14 00:00:00-07:00',1);
INSERT INTO days VALUES(168,'2025-11-04 23:38:18.6237199-07:00','2025-11-04 23:38:18.6237199-07:00',NULL,'2026-02-15 00:00:00-07:00',1);
INSERT INTO days VALUES(169,'2025-11-04 23:38:18.6273771-07:00','2025-11-04 23:38:18.6273771-07:00',NULL,'2026-02-16 00:00:00-07:00',1);
INSERT INTO days VALUES(170,'2025-11-04 23:38:18.6315758-07:00','2025-11-04 23:38:18.6315758-07:00',NULL,'2026-02-17 00:00:00-07:00',1);
INSERT INTO days VALUES(171,'2025-11-04 23:38:18.6357459-07:00','2025-11-04 23:38:18.6357459-07:00',NULL,'2026-02-18 00:00:00-07:00',1);
INSERT INTO days VALUES(172,'2025-11-04 23:38:18.6399279-07:00','2025-11-04 23:38:18.6399279-07:00',NULL,'2026-02-19 00:00:00-07:00',1);
INSERT INTO days VALUES(173,'2025-11-04 23:38:18.6436362-07:00','2025-11-04 23:38:18.6436362-07:00',NULL,'2026-02-20 00:00:00-07:00',1);
INSERT INTO days VALUES(174,'2025-11-04 23:38:18.6478177-07:00','2025-11-04 23:38:18.6478177-07:00',NULL,'2026-02-21 00:00:00-07:00',1);
INSERT INTO days VALUES(175,'2025-11-04 23:38:18.6519871-07:00','2025-11-04 23:38:18.6519871-07:00',NULL,'2026-02-22 00:00:00-07:00',1);
INSERT INTO days VALUES(176,'2025-11-04 23:38:18.655597-07:00','2025-11-04 23:38:18.655597-07:00',NULL,'2026-02-23 00:00:00-07:00',1);
INSERT INTO days VALUES(177,'2025-11-04 23:38:18.6598253-07:00','2025-11-04 23:38:18.6598253-07:00',NULL,'2026-02-24 00:00:00-07:00',1);
INSERT INTO days VALUES(178,'2025-11-04 23:38:18.6634634-07:00','2025-11-04 23:38:18.6634634-07:00',NULL,'2026-02-25 00:00:00-07:00',1);
INSERT INTO days VALUES(179,'2025-11-04 23:38:18.6676025-07:00','2025-11-04 23:38:18.6676025-07:00',NULL,'2026-02-26 00:00:00-07:00',1);
INSERT INTO days VALUES(180,'2025-11-04 23:38:18.6717431-07:00','2025-11-04 23:38:18.6717431-07:00',NULL,'2026-02-27 00:00:00-07:00',1);
INSERT INTO days VALUES(181,'2025-11-04 23:38:18.6753961-07:00','2025-11-04 23:38:18.6753961-07:00',NULL,'2026-02-28 00:00:00-07:00',1);
INSERT INTO days VALUES(182,'2025-11-04 23:38:18.6795354-07:00','2025-11-04 23:38:18.6795354-07:00',NULL,'2026-03-01 00:00:00-07:00',1);
INSERT INTO days VALUES(183,'2025-11-04 23:38:18.6831617-07:00','2025-11-04 23:38:18.6831617-07:00',NULL,'2026-03-02 00:00:00-07:00',1);
INSERT INTO days VALUES(184,'2025-11-04 23:38:18.6867674-07:00','2025-11-04 23:38:18.6867674-07:00',NULL,'2026-03-03 00:00:00-07:00',1);
INSERT INTO days VALUES(185,'2025-11-04 23:38:18.6909596-07:00','2025-11-04 23:38:18.6909596-07:00',NULL,'2026-03-04 00:00:00-07:00',1);
INSERT INTO days VALUES(186,'2025-11-04 23:38:18.695102-07:00','2025-11-04 23:38:18.695102-07:00',NULL,'2026-03-05 00:00:00-07:00',1);
INSERT INTO days VALUES(187,'2025-11-04 23:38:18.6987201-07:00','2025-11-04 23:38:18.6987201-07:00',NULL,'2026-03-06 00:00:00-07:00',1);
INSERT INTO days VALUES(188,'2025-11-04 23:38:18.702841-07:00','2025-11-04 23:38:18.702841-07:00',NULL,'2026-03-07 00:00:00-07:00',1);
INSERT INTO days VALUES(189,'2025-11-04 23:38:18.7061586-07:00','2025-11-04 23:38:18.7061586-07:00',NULL,'2026-03-08 00:00:00-07:00',1);
INSERT INTO days VALUES(190,'2025-11-04 23:38:18.7103181-07:00','2025-11-04 23:38:18.7103181-07:00',NULL,'2026-03-09 00:00:00-06:00',1);
INSERT INTO days VALUES(191,'2025-11-04 23:38:18.7139538-07:00','2025-11-04 23:38:18.7139538-07:00',NULL,'2026-03-10 00:00:00-06:00',1);
INSERT INTO days VALUES(192,'2025-11-04 23:38:18.718106-07:00','2025-11-04 23:38:18.718106-07:00',NULL,'2026-03-11 00:00:00-06:00',1);
INSERT INTO days VALUES(193,'2025-11-04 23:38:18.7217739-07:00','2025-11-04 23:38:18.7217739-07:00',NULL,'2026-03-12 00:00:00-06:00',1);
INSERT INTO days VALUES(194,'2025-11-04 23:38:18.7259222-07:00','2025-11-04 23:38:18.7259222-07:00',NULL,'2026-03-13 00:00:00-06:00',1);
INSERT INTO days VALUES(195,'2025-11-04 23:38:18.7300479-07:00','2025-11-04 23:38:18.7300479-07:00',NULL,'2026-03-14 00:00:00-06:00',1);
INSERT INTO days VALUES(196,'2025-11-04 23:38:18.7336554-07:00','2025-11-04 23:38:18.7336554-07:00',NULL,'2026-03-15 00:00:00-06:00',1);
INSERT INTO days VALUES(197,'2025-11-04 23:38:18.7378324-07:00','2025-11-04 23:38:18.7378324-07:00',NULL,'2026-03-16 00:00:00-06:00',1);
INSERT INTO days VALUES(198,'2025-11-04 23:38:18.7414815-07:00','2025-11-04 23:38:18.7414815-07:00',NULL,'2026-03-17 00:00:00-06:00',1);
INSERT INTO days VALUES(199,'2025-11-04 23:38:18.7456481-07:00','2025-11-04 23:38:18.7456481-07:00',NULL,'2026-03-18 00:00:00-06:00',1);
INSERT INTO days VALUES(200,'2025-11-04 23:38:18.7494842-07:00','2025-11-04 23:38:18.7494842-07:00',NULL,'2026-03-19 00:00:00-06:00',1);
INSERT INTO days VALUES(201,'2025-11-04 23:38:18.7535661-07:00','2025-11-04 23:38:18.7535661-07:00',NULL,'2026-03-20 00:00:00-06:00',1);
INSERT INTO days VALUES(202,'2025-11-04 23:38:18.7571923-07:00','2025-11-04 23:38:18.7571923-07:00',NULL,'2026-03-21 00:00:00-06:00',1);
INSERT INTO days VALUES(203,'2025-11-04 23:38:18.7613596-07:00','2025-11-04 23:38:18.7613596-07:00',NULL,'2026-03-22 00:00:00-06:00',1);
INSERT INTO days VALUES(204,'2025-11-04 23:38:18.7655643-07:00','2025-11-04 23:38:18.7655643-07:00',NULL,'2026-03-23 00:00:00-06:00',1);
INSERT INTO days VALUES(205,'2025-11-04 23:38:18.7691853-07:00','2025-11-04 23:38:18.7691853-07:00',NULL,'2026-03-24 00:00:00-06:00',1);
INSERT INTO days VALUES(206,'2025-11-04 23:38:18.7733258-07:00','2025-11-04 23:38:18.7733258-07:00',NULL,'2026-03-25 00:00:00-06:00',1);
INSERT INTO days VALUES(207,'2025-11-04 23:38:18.776958-07:00','2025-11-04 23:38:18.776958-07:00',NULL,'2026-03-26 00:00:00-06:00',1);
INSERT INTO days VALUES(208,'2025-11-04 23:38:18.7805839-07:00','2025-11-04 23:38:18.7805839-07:00',NULL,'2026-03-27 00:00:00-06:00',1);
INSERT INTO days VALUES(209,'2025-11-04 23:38:18.7847865-07:00','2025-11-04 23:38:18.7847865-07:00',NULL,'2026-03-28 00:00:00-06:00',1);
INSERT INTO days VALUES(210,'2025-11-04 23:38:18.7889228-07:00','2025-11-04 23:38:18.7889228-07:00',NULL,'2026-03-29 00:00:00-06:00',1);
INSERT INTO days VALUES(211,'2025-11-04 23:38:18.7925433-07:00','2025-11-04 23:38:18.7925433-07:00',NULL,'2026-03-30 00:00:00-06:00',1);
INSERT INTO days VALUES(212,'2025-11-04 23:38:18.7967069-07:00','2025-11-04 23:38:18.7967069-07:00',NULL,'2026-03-31 00:00:00-06:00',1);
INSERT INTO days VALUES(213,'2025-11-04 23:38:18.8003259-07:00','2025-11-04 23:38:18.8003259-07:00',NULL,'2026-04-01 00:00:00-06:00',1);
INSERT INTO days VALUES(214,'2025-11-04 23:38:18.8044729-07:00','2025-11-04 23:38:18.8044729-07:00',NULL,'2026-04-02 00:00:00-06:00',1);
INSERT INTO days VALUES(215,'2025-11-04 23:38:18.8081088-07:00','2025-11-04 23:38:18.8081088-07:00',NULL,'2026-04-03 00:00:00-06:00',1);
INSERT INTO days VALUES(216,'2025-11-04 23:38:18.8122934-07:00','2025-11-04 23:38:18.8122934-07:00',NULL,'2026-04-04 00:00:00-06:00',1);
INSERT INTO days VALUES(217,'2025-11-04 23:38:18.8195488-07:00','2025-11-04 23:38:18.8195488-07:00',NULL,'2026-04-05 00:00:00-06:00',1);
INSERT INTO days VALUES(218,'2025-11-04 23:38:18.8237175-07:00','2025-11-04 23:38:18.8237175-07:00',NULL,'2026-04-06 00:00:00-06:00',1);
INSERT INTO days VALUES(219,'2025-11-04 23:38:18.8274026-07:00','2025-11-04 23:38:18.8274026-07:00',NULL,'2026-04-07 00:00:00-06:00',1);
INSERT INTO days VALUES(220,'2025-11-04 23:38:18.8320788-07:00','2025-11-04 23:38:18.8320788-07:00',NULL,'2026-04-08 00:00:00-06:00',1);
INSERT INTO days VALUES(221,'2025-11-04 23:38:18.8372615-07:00','2025-11-04 23:38:18.8372615-07:00',NULL,'2026-04-09 00:00:00-06:00',1);
INSERT INTO days VALUES(222,'2025-11-04 23:38:18.8418618-07:00','2025-11-04 23:38:18.8418618-07:00',NULL,'2026-04-10 00:00:00-06:00',1);
INSERT INTO days VALUES(223,'2025-11-04 23:38:18.8458743-07:00','2025-11-04 23:38:18.8458743-07:00',NULL,'2026-04-11 00:00:00-06:00',1);
INSERT INTO days VALUES(224,'2025-11-04 23:38:18.8500492-07:00','2025-11-04 23:38:18.8500492-07:00',NULL,'2026-04-12 00:00:00-06:00',1);
INSERT INTO days VALUES(225,'2025-11-04 23:38:18.8536613-07:00','2025-11-04 23:38:18.8536613-07:00',NULL,'2026-04-13 00:00:00-06:00',1);
INSERT INTO days VALUES(226,'2025-11-04 23:38:18.8578282-07:00','2025-11-04 23:38:18.8578282-07:00',NULL,'2026-04-14 00:00:00-06:00',1);
INSERT INTO days VALUES(227,'2025-11-04 23:38:18.8620391-07:00','2025-11-04 23:38:18.8620391-07:00',NULL,'2026-04-15 00:00:00-06:00',1);
INSERT INTO days VALUES(228,'2025-11-04 23:38:18.8659505-07:00','2025-11-04 23:38:18.8659505-07:00',NULL,'2026-04-16 00:00:00-06:00',1);
INSERT INTO days VALUES(229,'2025-11-04 23:38:18.8701733-07:00','2025-11-04 23:38:18.8701733-07:00',NULL,'2026-04-17 00:00:00-06:00',1);
INSERT INTO days VALUES(230,'2025-11-04 23:38:18.8743869-07:00','2025-11-04 23:38:18.8743869-07:00',NULL,'2026-04-18 00:00:00-06:00',1);
INSERT INTO days VALUES(231,'2025-11-04 23:38:18.8785935-07:00','2025-11-04 23:38:18.8785935-07:00',NULL,'2026-04-19 00:00:00-06:00',1);
INSERT INTO days VALUES(232,'2025-11-04 23:38:18.8827789-07:00','2025-11-04 23:38:18.8827789-07:00',NULL,'2026-04-20 00:00:00-06:00',1);
INSERT INTO days VALUES(233,'2025-11-04 23:38:18.8864355-07:00','2025-11-04 23:38:18.8864355-07:00',NULL,'2026-04-21 00:00:00-06:00',1);
INSERT INTO days VALUES(234,'2025-11-04 23:38:18.8906818-07:00','2025-11-04 23:38:18.8906818-07:00',NULL,'2026-04-22 00:00:00-06:00',1);
INSERT INTO days VALUES(235,'2025-11-04 23:38:18.8943118-07:00','2025-11-04 23:38:18.8943118-07:00',NULL,'2026-04-23 00:00:00-06:00',1);
INSERT INTO days VALUES(236,'2025-11-04 23:38:18.898489-07:00','2025-11-04 23:38:18.898489-07:00',NULL,'2026-04-24 00:00:00-06:00',1);
INSERT INTO days VALUES(237,'2025-11-04 23:38:18.9026525-07:00','2025-11-04 23:38:18.9026525-07:00',NULL,'2026-04-25 00:00:00-06:00',1);
INSERT INTO days VALUES(238,'2025-11-04 23:38:18.9063148-07:00','2025-11-04 23:38:18.9063148-07:00',NULL,'2026-04-26 00:00:00-06:00',1);
INSERT INTO days VALUES(239,'2025-11-04 23:38:18.9104967-07:00','2025-11-04 23:38:18.9104967-07:00',NULL,'2026-04-27 00:00:00-06:00',1);
INSERT INTO days VALUES(240,'2025-11-04 23:38:18.9141547-07:00','2025-11-04 23:38:18.9141547-07:00',NULL,'2026-04-28 00:00:00-06:00',1);
INSERT INTO days VALUES(241,'2025-11-04 23:38:18.918351-07:00','2025-11-04 23:38:18.918351-07:00',NULL,'2026-04-29 00:00:00-06:00',1);
INSERT INTO days VALUES(242,'2025-11-04 23:38:18.9223286-07:00','2025-11-04 23:38:18.9223286-07:00',NULL,'2026-04-30 00:00:00-06:00',1);
CREATE TABLE `meals` (`id` integer PRIMARY KEY AUTOINCREMENT,`created_at` datetime,`updated_at` datetime,`deleted_at` datetime,`name` text NOT NULL);
CREATE TABLE `foods` (`id` integer PRIMARY KEY AUTOINCREMENT,`created_at` datetime,`updated_at` datetime,`deleted_at` datetime,`name` text NOT NULL,`serving_type` text NOT NULL,`serving_amount` real NOT NULL,`calories` real NOT NULL,`protein` real,`fiber` real,`carbs` real);
CREATE TABLE `meal_items` (`id` integer PRIMARY KEY AUTOINCREMENT,`created_at` datetime,`updated_at` datetime,`deleted_at` datetime,`meal_id` integer NOT NULL,`food_id` integer NOT NULL,`amount` real,CONSTRAINT `fk_meal_items_food` FOREIGN KEY (`food_id`) REFERENCES `foods`(`id`),CONSTRAINT `fk_meals_items` FOREIGN KEY (`meal_id`) REFERENCES `meals`(`id`) ON DELETE CASCADE);
CREATE TABLE `saved_meals` (`id` integer PRIMARY KEY AUTOINCREMENT,`created_at` datetime,`updated_at` datetime,`deleted_at` datetime,`name` text NOT NULL);
CREATE TABLE `saved_meal_items` (`id` integer PRIMARY KEY AUTOINCREMENT,`created_at` datetime,`updated_at` datetime,`deleted_at` datetime,`saved_meal_id` integer NOT NULL,`food_id` integer NOT NULL,`amount` real,CONSTRAINT `fk_saved_meals_items` FOREIGN KEY (`saved_meal_id`) REFERENCES `saved_meals`(`id`) ON DELETE CASCADE,CONSTRAINT `fk_saved_meal_items_food` FOREIGN KEY (`food_id`) REFERENCES `foods`(`id`));
CREATE TABLE `planned_meals` (`id` integer PRIMARY KEY AUTOINCREMENT,`created_at` datetime,`updated_at` datetime,`deleted_at` datetime,`day_id` integer NOT NULL,`meal_id` integer NOT NULL,`logged` numeric,CONSTRAINT `fk_days_planned_meals` FOREIGN KEY (`day_id`) REFERENCES `days`(`id`),CONSTRAINT `fk_planned_meals_meal` FOREIGN KEY (`meal_id`) REFERENCES `meals`(`id`));
CREATE TABLE `day_logs` (`id` integer PRIMARY KEY AUTOINCREMENT,`created_at` datetime,`updated_at` datetime,`deleted_at` datetime,`day_id` integer NOT NULL,`meal_id` integer NOT NULL,CONSTRAINT `fk_day_logs_meal` FOREIGN KEY (`meal_id`) REFERENCES `meals`(`id`),CONSTRAINT `fk_days_logs` FOREIGN KEY (`day_id`) REFERENCES `days`(`id`));
INSERT INTO sqlite_sequence VALUES('planned_exercises',44);
INSERT INTO sqlite_sequence VALUES('planned_sets',63);
INSERT INTO sqlite_sequence VALUES('exercises',25);
INSERT INTO sqlite_sequence VALUES('workout_plans',7);
INSERT INTO sqlite_sequence VALUES('workout_logs',122);
INSERT INTO sqlite_sequence VALUES('plans',1);
INSERT INTO sqlite_sequence VALUES('days',242);
INSERT INTO sqlite_sequence VALUES('logged_exercises',43);
INSERT INTO sqlite_sequence VALUES('logged_sets',74);
CREATE INDEX `idx_planned_exercises_deleted_at` ON `planned_exercises`(`deleted_at`);
CREATE INDEX `idx_planned_sets_deleted_at` ON `planned_sets`(`deleted_at`);
CREATE INDEX `idx_workout_plans_deleted_at` ON `workout_plans`(`deleted_at`);
CREATE UNIQUE INDEX `idx_exercises_name` ON `exercises`(`name`);
CREATE INDEX `idx_exercises_deleted_at` ON `exercises`(`deleted_at`);
CREATE INDEX `idx_workout_logs_deleted_at` ON `workout_logs`(`deleted_at`);
CREATE INDEX `idx_logged_exercises_deleted_at` ON `logged_exercises`(`deleted_at`);
CREATE INDEX `idx_logged_sets_deleted_at` ON `logged_sets`(`deleted_at`);
CREATE UNIQUE INDEX `idx_cardios_workout_log_id` ON `cardios`(`workout_log_id`);
CREATE INDEX `idx_cardios_deleted_at` ON `cardios`(`deleted_at`);
CREATE INDEX `idx_plans_deleted_at` ON `plans`(`deleted_at`);
CREATE INDEX `idx_days_deleted_at` ON `days`(`deleted_at`);
CREATE INDEX `idx_meals_deleted_at` ON `meals`(`deleted_at`);
CREATE UNIQUE INDEX `idx_foods_name` ON `foods`(`name`);
CREATE INDEX `idx_foods_deleted_at` ON `foods`(`deleted_at`);
CREATE INDEX `idx_meal_items_food_id` ON `meal_items`(`food_id`);
CREATE INDEX `idx_meal_items_meal_id` ON `meal_items`(`meal_id`);
CREATE INDEX `idx_meal_items_deleted_at` ON `meal_items`(`deleted_at`);
CREATE INDEX `idx_saved_meals_deleted_at` ON `saved_meals`(`deleted_at`);
CREATE INDEX `idx_saved_meal_items_food_id` ON `saved_meal_items`(`food_id`);
CREATE INDEX `idx_saved_meal_items_saved_meal_id` ON `saved_meal_items`(`saved_meal_id`);
CREATE INDEX `idx_saved_meal_items_deleted_at` ON `saved_meal_items`(`deleted_at`);
CREATE INDEX `idx_planned_meals_deleted_at` ON `planned_meals`(`deleted_at`);
CREATE INDEX `idx_day_logs_deleted_at` ON `day_logs`(`deleted_at`);