-- Generated SQL INSERT statements for workout logs
-- Generated from data.txt

INSERT INTO workout_logs (id, created_at, updated_at, deleted_at, date, workout_plan_id) VALUES(1000, '2025-12-11 20:22:15', '2025-12-11 20:22:15', NULL, '2025-10-13 00:00:00', 1);
INSERT INTO logged_exercises (id, created_at, updated_at, deleted_at, workout_log_id, exercise_id, weight_setup) VALUES(1000, '2025-12-11 20:22:15', '2025-12-11 20:22:15', NULL, 1000, 1, '');
INSERT INTO logged_sets (id, created_at, updated_at, deleted_at, logged_exercise_id, reps, weight) VALUES(1000, '2025-12-11 20:22:15', '2025-12-11 20:22:15', NULL, 1000, 7, 40.0);
INSERT INTO logged_sets (id, created_at, updated_at, deleted_at, logged_exercise_id, reps, weight) VALUES(1001, '2025-12-11 20:22:15', '2025-12-11 20:22:15', NULL, 1000, 6, 40.0);
INSERT INTO logged_exercises (id, created_at, updated_at, deleted_at, workout_log_id, exercise_id, weight_setup) VALUES(1001, '2025-12-11 20:22:15', '2025-12-11 20:22:15', NULL, 1000, 2, '');
INSERT INTO logged_sets (id, created_at, updated_at, deleted_at, logged_exercise_id, reps, weight) VALUES(1002, '2025-12-11 20:22:15', '2025-12-11 20:22:15', NULL, 1001, 10, 70.0);
INSERT INTO logged_sets (id, created_at, updated_at, deleted_at, logged_exercise_id, reps, weight) VALUES(1003, '2025-12-11 20:22:15', '2025-12-11 20:22:15', NULL, 1001, 9, 70.0);
INSERT INTO logged_exercises (id, created_at, updated_at, deleted_at, workout_log_id, exercise_id, weight_setup) VALUES(1002, '2025-12-11 20:22:15', '2025-12-11 20:22:15', NULL, 1000, 4, '');
INSERT INTO logged_sets (id, created_at, updated_at, deleted_at, logged_exercise_id, reps, weight) VALUES(1004, '2025-12-11 20:22:15', '2025-12-11 20:22:15', NULL, 1002, 14, 10.0);
INSERT INTO logged_sets (id, created_at, updated_at, deleted_at, logged_exercise_id, reps, weight) VALUES(1005, '2025-12-11 20:22:15', '2025-12-11 20:22:15', NULL, 1002, 15, 10.0);
INSERT INTO logged_exercises (id, created_at, updated_at, deleted_at, workout_log_id, exercise_id, weight_setup) VALUES(1003, '2025-12-11 20:22:15', '2025-12-11 20:22:15', NULL, 1000, 5, '');
INSERT INTO logged_sets (id, created_at, updated_at, deleted_at, logged_exercise_id, reps, weight) VALUES(1006, '2025-12-11 20:22:15', '2025-12-11 20:22:15', NULL, 1003, 9, 70.0);
INSERT INTO logged_sets (id, created_at, updated_at, deleted_at, logged_exercise_id, reps, weight) VALUES(1007, '2025-12-11 20:22:15', '2025-12-11 20:22:15', NULL, 1003, 9, 70.0);
INSERT INTO logged_exercises (id, created_at, updated_at, deleted_at, workout_log_id, exercise_id, weight_setup) VALUES(1004, '2025-12-11 20:22:15', '2025-12-11 20:22:15', NULL, 1000, 13, '');
INSERT INTO logged_sets (id, created_at, updated_at, deleted_at, logged_exercise_id, reps, weight) VALUES(1008, '2025-12-11 20:22:15', '2025-12-11 20:22:15', NULL, 1004, 7, 25.0);
INSERT INTO logged_sets (id, created_at, updated_at, deleted_at, logged_exercise_id, reps, weight) VALUES(1009, '2025-12-11 20:22:15', '2025-12-11 20:22:15', NULL, 1004, 8, 25.0);
INSERT INTO logged_exercises (id, created_at, updated_at, deleted_at, workout_log_id, exercise_id, weight_setup) VALUES(1005, '2025-12-11 20:22:15', '2025-12-11 20:22:15', NULL, 1000, 14, '');
INSERT INTO logged_sets (id, created_at, updated_at, deleted_at, logged_exercise_id, reps, weight) VALUES(1010, '2025-12-11 20:22:15', '2025-12-11 20:22:15', NULL, 1005, 9, 80.0);
INSERT INTO logged_sets (id, created_at, updated_at, deleted_at, logged_exercise_id, reps, weight) VALUES(1011, '2025-12-11 20:22:15', '2025-12-11 20:22:15', NULL, 1005, 9, 80.0);
INSERT INTO logged_exercises (id, created_at, updated_at, deleted_at, workout_log_id, exercise_id, weight_setup) VALUES(1006, '2025-12-11 20:22:15', '2025-12-11 20:22:15', NULL, 1000, 3, '');
INSERT INTO logged_sets (id, created_at, updated_at, deleted_at, logged_exercise_id, reps, weight) VALUES(1012, '2025-12-11 20:22:15', '2025-12-11 20:22:15', NULL, 1006, 6, -100.0);
INSERT INTO workout_logs (id, created_at, updated_at, deleted_at, date, workout_plan_id) VALUES(1001, '2025-12-11 20:22:15', '2025-12-11 20:22:15', NULL, '2025-10-14 00:00:00', 2);
INSERT INTO logged_exercises (id, created_at, updated_at, deleted_at, workout_log_id, exercise_id, weight_setup) VALUES(1007, '2025-12-11 20:22:15', '2025-12-11 20:22:15', NULL, 1001, 10, '');
INSERT INTO logged_sets (id, created_at, updated_at, deleted_at, logged_exercise_id, reps, weight) VALUES(1013, '2025-12-11 20:22:15', '2025-12-11 20:22:15', NULL, 1007, 20, 12.0);
INSERT INTO logged_sets (id, created_at, updated_at, deleted_at, logged_exercise_id, reps, weight) VALUES(1014, '2025-12-11 20:22:15', '2025-12-11 20:22:15', NULL, 1007, 20, 12.0);
INSERT INTO logged_exercises (id, created_at, updated_at, deleted_at, workout_log_id, exercise_id, weight_setup) VALUES(1008, '2025-12-11 20:22:15', '2025-12-11 20:22:15', NULL, 1001, 11, '');
INSERT INTO logged_sets (id, created_at, updated_at, deleted_at, logged_exercise_id, reps, weight) VALUES(1015, '2025-12-11 20:22:15', '2025-12-11 20:22:15', NULL, 1008, 60, 7.0);
INSERT INTO logged_sets (id, created_at, updated_at, deleted_at, logged_exercise_id, reps, weight) VALUES(1016, '2025-12-11 20:22:15', '2025-12-11 20:22:15', NULL, 1008, 60, 8.0);
INSERT INTO logged_exercises (id, created_at, updated_at, deleted_at, workout_log_id, exercise_id, weight_setup) VALUES(1009, '2025-12-11 20:22:15', '2025-12-11 20:22:15', NULL, 1001, 12, '');
INSERT INTO logged_sets (id, created_at, updated_at, deleted_at, logged_exercise_id, reps, weight) VALUES(1017, '2025-12-11 20:22:15', '2025-12-11 20:22:15', NULL, 1009, 90, 6.0);
INSERT INTO logged_exercises (id, created_at, updated_at, deleted_at, workout_log_id, exercise_id, weight_setup) VALUES(1010, '2025-12-11 20:22:15', '2025-12-11 20:22:15', NULL, 1001, 15, '');
INSERT INTO logged_sets (id, created_at, updated_at, deleted_at, logged_exercise_id, reps, weight) VALUES(1018, '2025-12-11 20:22:15', '2025-12-11 20:22:15', NULL, 1010, 6, 20.0);
INSERT INTO logged_sets (id, created_at, updated_at, deleted_at, logged_exercise_id, reps, weight) VALUES(1019, '2025-12-11 20:22:15', '2025-12-11 20:22:15', NULL, 1010, 5, 20.0);
INSERT INTO logged_exercises (id, created_at, updated_at, deleted_at, workout_log_id, exercise_id, weight_setup) VALUES(1011, '2025-12-11 20:22:15', '2025-12-11 20:22:15', NULL, 1001, 16, '');
INSERT INTO logged_sets (id, created_at, updated_at, deleted_at, logged_exercise_id, reps, weight) VALUES(1020, '2025-12-11 20:22:15', '2025-12-11 20:22:15', NULL, 1011, 5, 22.5);
INSERT INTO logged_sets (id, created_at, updated_at, deleted_at, logged_exercise_id, reps, weight) VALUES(1021, '2025-12-11 20:22:15', '2025-12-11 20:22:15', NULL, 1011, 5, 22.5);
INSERT INTO workout_logs (id, created_at, updated_at, deleted_at, date, workout_plan_id) VALUES(1002, '2025-12-11 20:22:15', '2025-12-11 20:22:15', NULL, '2025-10-15 00:00:00', 3);
INSERT INTO logged_exercises (id, created_at, updated_at, deleted_at, workout_log_id, exercise_id, weight_setup) VALUES(1012, '2025-12-11 20:22:15', '2025-12-11 20:22:15', NULL, 1002, 20, '');
INSERT INTO logged_sets (id, created_at, updated_at, deleted_at, logged_exercise_id, reps, weight) VALUES(1022, '2025-12-11 20:22:15', '2025-12-11 20:22:15', NULL, 1012, 70, 8.0);
INSERT INTO logged_sets (id, created_at, updated_at, deleted_at, logged_exercise_id, reps, weight) VALUES(1023, '2025-12-11 20:22:15', '2025-12-11 20:22:15', NULL, 1012, 70, 9.0);
INSERT INTO logged_sets (id, created_at, updated_at, deleted_at, logged_exercise_id, reps, weight) VALUES(1024, '2025-12-11 20:22:15', '2025-12-11 20:22:15', NULL, 1012, 70, 9.0);
INSERT INTO logged_exercises (id, created_at, updated_at, deleted_at, workout_log_id, exercise_id, weight_setup) VALUES(1013, '2025-12-11 20:22:15', '2025-12-11 20:22:15', NULL, 1002, 21, '');
INSERT INTO logged_sets (id, created_at, updated_at, deleted_at, logged_exercise_id, reps, weight) VALUES(1025, '2025-12-11 20:22:15', '2025-12-11 20:22:15', NULL, 1013, 70, 8.0);
INSERT INTO logged_sets (id, created_at, updated_at, deleted_at, logged_exercise_id, reps, weight) VALUES(1026, '2025-12-11 20:22:15', '2025-12-11 20:22:15', NULL, 1013, 70, 9.0);
INSERT INTO logged_exercises (id, created_at, updated_at, deleted_at, workout_log_id, exercise_id, weight_setup) VALUES(1014, '2025-12-11 20:22:15', '2025-12-11 20:22:15', NULL, 1002, 7, '');
INSERT INTO logged_sets (id, created_at, updated_at, deleted_at, logged_exercise_id, reps, weight) VALUES(1027, '2025-12-11 20:22:15', '2025-12-11 20:22:15', NULL, 1014, 25, 8.0);
INSERT INTO logged_exercises (id, created_at, updated_at, deleted_at, workout_log_id, exercise_id, weight_setup) VALUES(1015, '2025-12-11 20:22:15', '2025-12-11 20:22:15', NULL, 1002, 6, '');
INSERT INTO logged_sets (id, created_at, updated_at, deleted_at, logged_exercise_id, reps, weight) VALUES(1028, '2025-12-11 20:22:15', '2025-12-11 20:22:15', NULL, 1015, 35, 6.0);
INSERT INTO logged_exercises (id, created_at, updated_at, deleted_at, workout_log_id, exercise_id, weight_setup) VALUES(1016, '2025-12-11 20:22:15', '2025-12-11 20:22:15', NULL, 1002, 23, '');
INSERT INTO logged_sets (id, created_at, updated_at, deleted_at, logged_exercise_id, reps, weight) VALUES(1029, '2025-12-11 20:22:15', '2025-12-11 20:22:15', NULL, 1016, 25, 6.0);
INSERT INTO logged_exercises (id, created_at, updated_at, deleted_at, workout_log_id, exercise_id, weight_setup) VALUES(1017, '2025-12-11 20:22:15', '2025-12-11 20:22:15', NULL, 1002, 19, '');
INSERT INTO logged_sets (id, created_at, updated_at, deleted_at, logged_exercise_id, reps, weight) VALUES(1030, '2025-12-11 20:22:15', '2025-12-11 20:22:15', NULL, 1017, 180, 5.0);
INSERT INTO logged_exercises (id, created_at, updated_at, deleted_at, workout_log_id, exercise_id, weight_setup) VALUES(1018, '2025-12-11 20:22:15', '2025-12-11 20:22:15', NULL, 1002, 17, '');
INSERT INTO logged_sets (id, created_at, updated_at, deleted_at, logged_exercise_id, reps, weight) VALUES(1031, '2025-12-11 20:22:15', '2025-12-11 20:22:15', NULL, 1018, 45, 25.0);
INSERT INTO logged_exercises (id, created_at, updated_at, deleted_at, workout_log_id, exercise_id, weight_setup) VALUES(1019, '2025-12-11 20:22:15', '2025-12-11 20:22:15', NULL, 1002, 18, '');
INSERT INTO logged_sets (id, created_at, updated_at, deleted_at, logged_exercise_id, reps, weight) VALUES(1032, '2025-12-11 20:22:15', '2025-12-11 20:22:15', NULL, 1019, 100, 9.0);
INSERT INTO logged_sets (id, created_at, updated_at, deleted_at, logged_exercise_id, reps, weight) VALUES(1033, '2025-12-11 20:22:15', '2025-12-11 20:22:15', NULL, 1019, 100, 10.0);
INSERT INTO workout_logs (id, created_at, updated_at, deleted_at, date, workout_plan_id) VALUES(1003, '2025-12-11 20:22:15', '2025-12-11 20:22:15', NULL, '2025-10-17 00:00:00', 4);
INSERT INTO logged_exercises (id, created_at, updated_at, deleted_at, workout_log_id, exercise_id, weight_setup) VALUES(1020, '2025-12-11 20:22:15', '2025-12-11 20:22:15', NULL, 1003, 1, '');
INSERT INTO logged_sets (id, created_at, updated_at, deleted_at, logged_exercise_id, reps, weight) VALUES(1034, '2025-12-11 20:22:15', '2025-12-11 20:22:15', NULL, 1020, 8, 40.0);
INSERT INTO logged_sets (id, created_at, updated_at, deleted_at, logged_exercise_id, reps, weight) VALUES(1035, '2025-12-11 20:22:15', '2025-12-11 20:22:15', NULL, 1020, 9, 40.0);
INSERT INTO logged_exercises (id, created_at, updated_at, deleted_at, workout_log_id, exercise_id, weight_setup) VALUES(1021, '2025-12-11 20:22:15', '2025-12-11 20:22:15', NULL, 1003, 2, '');
INSERT INTO logged_sets (id, created_at, updated_at, deleted_at, logged_exercise_id, reps, weight) VALUES(1036, '2025-12-11 20:22:15', '2025-12-11 20:22:15', NULL, 1021, 15, 70.0);
INSERT INTO logged_sets (id, created_at, updated_at, deleted_at, logged_exercise_id, reps, weight) VALUES(1037, '2025-12-11 20:22:15', '2025-12-11 20:22:15', NULL, 1021, 6, 90.0);
INSERT INTO logged_exercises (id, created_at, updated_at, deleted_at, workout_log_id, exercise_id, weight_setup) VALUES(1022, '2025-12-11 20:22:15', '2025-12-11 20:22:15', NULL, 1003, 4, '');
INSERT INTO logged_sets (id, created_at, updated_at, deleted_at, logged_exercise_id, reps, weight) VALUES(1038, '2025-12-11 20:22:15', '2025-12-11 20:22:15', NULL, 1022, 13, 10.0);
INSERT INTO logged_sets (id, created_at, updated_at, deleted_at, logged_exercise_id, reps, weight) VALUES(1039, '2025-12-11 20:22:15', '2025-12-11 20:22:15', NULL, 1022, 13, 10.0);
INSERT INTO logged_exercises (id, created_at, updated_at, deleted_at, workout_log_id, exercise_id, weight_setup) VALUES(1023, '2025-12-11 20:22:15', '2025-12-11 20:22:15', NULL, 1003, 5, '');
INSERT INTO logged_sets (id, created_at, updated_at, deleted_at, logged_exercise_id, reps, weight) VALUES(1040, '2025-12-11 20:22:15', '2025-12-11 20:22:15', NULL, 1023, 9, 70.0);
INSERT INTO logged_sets (id, created_at, updated_at, deleted_at, logged_exercise_id, reps, weight) VALUES(1041, '2025-12-11 20:22:15', '2025-12-11 20:22:15', NULL, 1023, 9, 70.0);
INSERT INTO logged_exercises (id, created_at, updated_at, deleted_at, workout_log_id, exercise_id, weight_setup) VALUES(1024, '2025-12-11 20:22:15', '2025-12-11 20:22:15', NULL, 1003, 14, '');
INSERT INTO logged_sets (id, created_at, updated_at, deleted_at, logged_exercise_id, reps, weight) VALUES(1042, '2025-12-11 20:22:15', '2025-12-11 20:22:15', NULL, 1024, 10, 80.0);
INSERT INTO logged_sets (id, created_at, updated_at, deleted_at, logged_exercise_id, reps, weight) VALUES(1043, '2025-12-11 20:22:15', '2025-12-11 20:22:15', NULL, 1024, 8, 80.0);
INSERT INTO logged_exercises (id, created_at, updated_at, deleted_at, workout_log_id, exercise_id, weight_setup) VALUES(1025, '2025-12-11 20:22:15', '2025-12-11 20:22:15', NULL, 1003, 10, '');
INSERT INTO logged_sets (id, created_at, updated_at, deleted_at, logged_exercise_id, reps, weight) VALUES(1044, '2025-12-11 20:22:15', '2025-12-11 20:22:15', NULL, 1025, 9, 30.0);
INSERT INTO logged_sets (id, created_at, updated_at, deleted_at, logged_exercise_id, reps, weight) VALUES(1045, '2025-12-11 20:22:15', '2025-12-11 20:22:15', NULL, 1025, 8, 30.0);
INSERT INTO logged_exercises (id, created_at, updated_at, deleted_at, workout_log_id, exercise_id, weight_setup) VALUES(1026, '2025-12-11 20:22:15', '2025-12-11 20:22:15', NULL, 1003, 12, '');
INSERT INTO logged_sets (id, created_at, updated_at, deleted_at, logged_exercise_id, reps, weight) VALUES(1046, '2025-12-11 20:22:15', '2025-12-11 20:22:15', NULL, 1026, 6, 90.0);
INSERT INTO logged_sets (id, created_at, updated_at, deleted_at, logged_exercise_id, reps, weight) VALUES(1047, '2025-12-11 20:22:15', '2025-12-11 20:22:15', NULL, 1026, 5, 90.0);
INSERT INTO logged_exercises (id, created_at, updated_at, deleted_at, workout_log_id, exercise_id, weight_setup) VALUES(1027, '2025-12-11 20:22:15', '2025-12-11 20:22:15', NULL, 1003, 15, '');
INSERT INTO logged_sets (id, created_at, updated_at, deleted_at, logged_exercise_id, reps, weight) VALUES(1048, '2025-12-11 20:22:15', '2025-12-11 20:22:15', NULL, 1027, 7, 20.0);
INSERT INTO logged_sets (id, created_at, updated_at, deleted_at, logged_exercise_id, reps, weight) VALUES(1049, '2025-12-11 20:22:15', '2025-12-11 20:22:15', NULL, 1027, 5, 20.0);
INSERT INTO workout_logs (id, created_at, updated_at, deleted_at, date, workout_plan_id) VALUES(1004, '2025-12-11 20:22:15', '2025-12-11 20:22:15', NULL, '2025-10-18 00:00:00', 3);
INSERT INTO logged_exercises (id, created_at, updated_at, deleted_at, workout_log_id, exercise_id, weight_setup) VALUES(1028, '2025-12-11 20:22:15', '2025-12-11 20:22:15', NULL, 1004, 20, '');
INSERT INTO logged_sets (id, created_at, updated_at, deleted_at, logged_exercise_id, reps, weight) VALUES(1050, '2025-12-11 20:22:15', '2025-12-11 20:22:15', NULL, 1028, 11, 70.0);
INSERT INTO logged_sets (id, created_at, updated_at, deleted_at, logged_exercise_id, reps, weight) VALUES(1051, '2025-12-11 20:22:15', '2025-12-11 20:22:15', NULL, 1028, 11, 70.0);
INSERT INTO logged_sets (id, created_at, updated_at, deleted_at, logged_exercise_id, reps, weight) VALUES(1052, '2025-12-11 20:22:15', '2025-12-11 20:22:15', NULL, 1028, 11, 70.0);
INSERT INTO logged_exercises (id, created_at, updated_at, deleted_at, workout_log_id, exercise_id, weight_setup) VALUES(1029, '2025-12-11 20:22:15', '2025-12-11 20:22:15', NULL, 1004, 21, '');
INSERT INTO logged_sets (id, created_at, updated_at, deleted_at, logged_exercise_id, reps, weight) VALUES(1053, '2025-12-11 20:22:15', '2025-12-11 20:22:15', NULL, 1029, 10, 70.0);
INSERT INTO logged_sets (id, created_at, updated_at, deleted_at, logged_exercise_id, reps, weight) VALUES(1054, '2025-12-11 20:22:15', '2025-12-11 20:22:15', NULL, 1029, 10, 70.0);
INSERT INTO logged_exercises (id, created_at, updated_at, deleted_at, workout_log_id, exercise_id, weight_setup) VALUES(1030, '2025-12-11 20:22:15', '2025-12-11 20:22:15', NULL, 1004, 7, '');
INSERT INTO logged_sets (id, created_at, updated_at, deleted_at, logged_exercise_id, reps, weight) VALUES(1055, '2025-12-11 20:22:15', '2025-12-11 20:22:15', NULL, 1030, 8, 25.0);
INSERT INTO logged_sets (id, created_at, updated_at, deleted_at, logged_exercise_id, reps, weight) VALUES(1056, '2025-12-11 20:22:15', '2025-12-11 20:22:15', NULL, 1030, 8, 25.0);
INSERT INTO logged_exercises (id, created_at, updated_at, deleted_at, workout_log_id, exercise_id, weight_setup) VALUES(1031, '2025-12-11 20:22:15', '2025-12-11 20:22:15', NULL, 1004, 6, '');
INSERT INTO logged_sets (id, created_at, updated_at, deleted_at, logged_exercise_id, reps, weight) VALUES(1057, '2025-12-11 20:22:15', '2025-12-11 20:22:15', NULL, 1031, 6, 35.0);
INSERT INTO logged_sets (id, created_at, updated_at, deleted_at, logged_exercise_id, reps, weight) VALUES(1058, '2025-12-11 20:22:15', '2025-12-11 20:22:15', NULL, 1031, 7, 35.0);
INSERT INTO logged_exercises (id, created_at, updated_at, deleted_at, workout_log_id, exercise_id, weight_setup) VALUES(1032, '2025-12-11 20:22:15', '2025-12-11 20:22:15', NULL, 1004, 23, '');
INSERT INTO logged_sets (id, created_at, updated_at, deleted_at, logged_exercise_id, reps, weight) VALUES(1059, '2025-12-11 20:22:15', '2025-12-11 20:22:15', NULL, 1032, 8, 25.0);
INSERT INTO logged_exercises (id, created_at, updated_at, deleted_at, workout_log_id, exercise_id, weight_setup) VALUES(1033, '2025-12-11 20:22:15', '2025-12-11 20:22:15', NULL, 1004, 19, '');
INSERT INTO logged_sets (id, created_at, updated_at, deleted_at, logged_exercise_id, reps, weight) VALUES(1060, '2025-12-11 20:22:15', '2025-12-11 20:22:15', NULL, 1033, 5, 180.0);
INSERT INTO logged_exercises (id, created_at, updated_at, deleted_at, workout_log_id, exercise_id, weight_setup) VALUES(1034, '2025-12-11 20:22:15', '2025-12-11 20:22:15', NULL, 1004, 17, '');
INSERT INTO logged_sets (id, created_at, updated_at, deleted_at, logged_exercise_id, reps, weight) VALUES(1061, '2025-12-11 20:22:15', '2025-12-11 20:22:15', NULL, 1034, 11, 90.0);
INSERT INTO logged_exercises (id, created_at, updated_at, deleted_at, workout_log_id, exercise_id, weight_setup) VALUES(1035, '2025-12-11 20:22:15', '2025-12-11 20:22:15', NULL, 1004, 18, '');
INSERT INTO logged_sets (id, created_at, updated_at, deleted_at, logged_exercise_id, reps, weight) VALUES(1062, '2025-12-11 20:22:15', '2025-12-11 20:22:15', NULL, 1035, 7, 110.0);
INSERT INTO logged_sets (id, created_at, updated_at, deleted_at, logged_exercise_id, reps, weight) VALUES(1063, '2025-12-11 20:22:15', '2025-12-11 20:22:15', NULL, 1035, 7, 110.0);
INSERT INTO workout_logs (id, created_at, updated_at, deleted_at, date, workout_plan_id) VALUES(1005, '2025-12-11 20:22:15', '2025-12-11 20:22:15', NULL, '2025-10-19 00:00:00', 4);
INSERT INTO logged_exercises (id, created_at, updated_at, deleted_at, workout_log_id, exercise_id, weight_setup) VALUES(1036, '2025-12-11 20:22:15', '2025-12-11 20:22:15', NULL, 1005, 1, '');
INSERT INTO logged_sets (id, created_at, updated_at, deleted_at, logged_exercise_id, reps, weight) VALUES(1064, '2025-12-11 20:22:15', '2025-12-11 20:22:15', NULL, 1036, 9, 40.0);
INSERT INTO logged_sets (id, created_at, updated_at, deleted_at, logged_exercise_id, reps, weight) VALUES(1065, '2025-12-11 20:22:15', '2025-12-11 20:22:15', NULL, 1036, 8, 40.0);
INSERT INTO logged_exercises (id, created_at, updated_at, deleted_at, workout_log_id, exercise_id, weight_setup) VALUES(1037, '2025-12-11 20:22:15', '2025-12-11 20:22:15', NULL, 1005, 2, '');
INSERT INTO logged_sets (id, created_at, updated_at, deleted_at, logged_exercise_id, reps, weight) VALUES(1066, '2025-12-11 20:22:15', '2025-12-11 20:22:15', NULL, 1037, 8, 70.0);
INSERT INTO logged_exercises (id, created_at, updated_at, deleted_at, workout_log_id, exercise_id, weight_setup) VALUES(1038, '2025-12-11 20:22:15', '2025-12-11 20:22:15', NULL, 1005, 4, '');
INSERT INTO logged_sets (id, created_at, updated_at, deleted_at, logged_exercise_id, reps, weight) VALUES(1067, '2025-12-11 20:22:15', '2025-12-11 20:22:15', NULL, 1038, 14, 10.0);
INSERT INTO logged_sets (id, created_at, updated_at, deleted_at, logged_exercise_id, reps, weight) VALUES(1068, '2025-12-11 20:22:15', '2025-12-11 20:22:15', NULL, 1038, 15, 10.0);
INSERT INTO logged_exercises (id, created_at, updated_at, deleted_at, workout_log_id, exercise_id, weight_setup) VALUES(1039, '2025-12-11 20:22:15', '2025-12-11 20:22:15', NULL, 1005, 5, '');
INSERT INTO logged_sets (id, created_at, updated_at, deleted_at, logged_exercise_id, reps, weight) VALUES(1069, '2025-12-11 20:22:15', '2025-12-11 20:22:15', NULL, 1039, 8, 75.0);
INSERT INTO logged_exercises (id, created_at, updated_at, deleted_at, workout_log_id, exercise_id, weight_setup) VALUES(1040, '2025-12-11 20:22:15', '2025-12-11 20:22:15', NULL, 1005, 13, '');
INSERT INTO logged_sets (id, created_at, updated_at, deleted_at, logged_exercise_id, reps, weight) VALUES(1070, '2025-12-11 20:22:15', '2025-12-11 20:22:15', NULL, 1040, 6, 30.0);
INSERT INTO logged_sets (id, created_at, updated_at, deleted_at, logged_exercise_id, reps, weight) VALUES(1071, '2025-12-11 20:22:15', '2025-12-11 20:22:15', NULL, 1040, 6, 30.0);
INSERT INTO logged_exercises (id, created_at, updated_at, deleted_at, workout_log_id, exercise_id, weight_setup) VALUES(1041, '2025-12-11 20:22:15', '2025-12-11 20:22:15', NULL, 1005, 14, '');
INSERT INTO logged_sets (id, created_at, updated_at, deleted_at, logged_exercise_id, reps, weight) VALUES(1072, '2025-12-11 20:22:15', '2025-12-11 20:22:15', NULL, 1041, 8, 80.0);
INSERT INTO logged_exercises (id, created_at, updated_at, deleted_at, workout_log_id, exercise_id, weight_setup) VALUES(1042, '2025-12-11 20:22:15', '2025-12-11 20:22:15', NULL, 1005, 10, '');
INSERT INTO logged_sets (id, created_at, updated_at, deleted_at, logged_exercise_id, reps, weight) VALUES(1073, '2025-12-11 20:22:15', '2025-12-11 20:22:15', NULL, 1042, 6, 35.0);
INSERT INTO logged_sets (id, created_at, updated_at, deleted_at, logged_exercise_id, reps, weight) VALUES(1074, '2025-12-11 20:22:15', '2025-12-11 20:22:15', NULL, 1042, 9, 25.0);
INSERT INTO logged_exercises (id, created_at, updated_at, deleted_at, workout_log_id, exercise_id, weight_setup) VALUES(1043, '2025-12-11 20:22:15', '2025-12-11 20:22:15', NULL, 1005, 12, '');
INSERT INTO logged_sets (id, created_at, updated_at, deleted_at, logged_exercise_id, reps, weight) VALUES(1075, '2025-12-11 20:22:15', '2025-12-11 20:22:15', NULL, 1043, 7, 90.0);
INSERT INTO logged_sets (id, created_at, updated_at, deleted_at, logged_exercise_id, reps, weight) VALUES(1076, '2025-12-11 20:22:15', '2025-12-11 20:22:15', NULL, 1043, 6, 90.0);
INSERT INTO logged_exercises (id, created_at, updated_at, deleted_at, workout_log_id, exercise_id, weight_setup) VALUES(1044, '2025-12-11 20:22:15', '2025-12-11 20:22:15', NULL, 1005, 11, '');
INSERT INTO logged_sets (id, created_at, updated_at, deleted_at, logged_exercise_id, reps, weight) VALUES(1077, '2025-12-11 20:22:15', '2025-12-11 20:22:15', NULL, 1044, 9, 60.0);
INSERT INTO logged_sets (id, created_at, updated_at, deleted_at, logged_exercise_id, reps, weight) VALUES(1078, '2025-12-11 20:22:15', '2025-12-11 20:22:15', NULL, 1044, 11, 40.0);
INSERT INTO logged_exercises (id, created_at, updated_at, deleted_at, workout_log_id, exercise_id, weight_setup) VALUES(1045, '2025-12-11 20:22:15', '2025-12-11 20:22:15', NULL, 1005, 15, '');
INSERT INTO logged_sets (id, created_at, updated_at, deleted_at, logged_exercise_id, reps, weight) VALUES(1079, '2025-12-11 20:22:15', '2025-12-11 20:22:15', NULL, 1045, 5, 20.0);
INSERT INTO logged_exercises (id, created_at, updated_at, deleted_at, workout_log_id, exercise_id, weight_setup) VALUES(1046, '2025-12-11 20:22:15', '2025-12-11 20:22:15', NULL, 1005, 16, '');
INSERT INTO logged_sets (id, created_at, updated_at, deleted_at, logged_exercise_id, reps, weight) VALUES(1080, '2025-12-11 20:22:15', '2025-12-11 20:22:15', NULL, 1046, 7, 22.5);
INSERT INTO workout_logs (id, created_at, updated_at, deleted_at, date, workout_plan_id) VALUES(1006, '2025-12-11 20:22:15', '2025-12-11 20:22:15', NULL, '2025-10-21 00:00:00', 1);
INSERT INTO logged_exercises (id, created_at, updated_at, deleted_at, workout_log_id, exercise_id, weight_setup) VALUES(1047, '2025-12-11 20:22:15', '2025-12-11 20:22:15', NULL, 1006, 1, '');
INSERT INTO logged_sets (id, created_at, updated_at, deleted_at, logged_exercise_id, reps, weight) VALUES(1081, '2025-12-11 20:22:15', '2025-12-11 20:22:15', NULL, 1047, 9, 40.0);
INSERT INTO logged_sets (id, created_at, updated_at, deleted_at, logged_exercise_id, reps, weight) VALUES(1082, '2025-12-11 20:22:15', '2025-12-11 20:22:15', NULL, 1047, 8, 40.0);
INSERT INTO logged_exercises (id, created_at, updated_at, deleted_at, workout_log_id, exercise_id, weight_setup) VALUES(1048, '2025-12-11 20:22:15', '2025-12-11 20:22:15', NULL, 1006, 2, '');
INSERT INTO logged_sets (id, created_at, updated_at, deleted_at, logged_exercise_id, reps, weight) VALUES(1083, '2025-12-11 20:22:15', '2025-12-11 20:22:15', NULL, 1048, 9, 75.0);
INSERT INTO logged_sets (id, created_at, updated_at, deleted_at, logged_exercise_id, reps, weight) VALUES(1084, '2025-12-11 20:22:15', '2025-12-11 20:22:15', NULL, 1048, 8, 75.0);
INSERT INTO logged_exercises (id, created_at, updated_at, deleted_at, workout_log_id, exercise_id, weight_setup) VALUES(1049, '2025-12-11 20:22:15', '2025-12-11 20:22:15', NULL, 1006, 3, '');
INSERT INTO logged_sets (id, created_at, updated_at, deleted_at, logged_exercise_id, reps, weight) VALUES(1085, '2025-12-11 20:22:15', '2025-12-11 20:22:15', NULL, 1049, 8, -100.0);
INSERT INTO logged_exercises (id, created_at, updated_at, deleted_at, workout_log_id, exercise_id, weight_setup) VALUES(1050, '2025-12-11 20:22:15', '2025-12-11 20:22:15', NULL, 1006, 4, '');
INSERT INTO logged_sets (id, created_at, updated_at, deleted_at, logged_exercise_id, reps, weight) VALUES(1086, '2025-12-11 20:22:15', '2025-12-11 20:22:15', NULL, 1050, 15, 10.0);
INSERT INTO logged_sets (id, created_at, updated_at, deleted_at, logged_exercise_id, reps, weight) VALUES(1087, '2025-12-11 20:22:15', '2025-12-11 20:22:15', NULL, 1050, 14, 10.0);
INSERT INTO logged_exercises (id, created_at, updated_at, deleted_at, workout_log_id, exercise_id, weight_setup) VALUES(1051, '2025-12-11 20:22:15', '2025-12-11 20:22:15', NULL, 1006, 5, '');
INSERT INTO logged_sets (id, created_at, updated_at, deleted_at, logged_exercise_id, reps, weight) VALUES(1088, '2025-12-11 20:22:15', '2025-12-11 20:22:15', NULL, 1051, 8, 75.0);
INSERT INTO logged_sets (id, created_at, updated_at, deleted_at, logged_exercise_id, reps, weight) VALUES(1089, '2025-12-11 20:22:15', '2025-12-11 20:22:15', NULL, 1051, 7, 75.0);
INSERT INTO logged_exercises (id, created_at, updated_at, deleted_at, workout_log_id, exercise_id, weight_setup) VALUES(1052, '2025-12-11 20:22:15', '2025-12-11 20:22:15', NULL, 1006, 13, '');
INSERT INTO logged_sets (id, created_at, updated_at, deleted_at, logged_exercise_id, reps, weight) VALUES(1090, '2025-12-11 20:22:15', '2025-12-11 20:22:15', NULL, 1052, 7, 30.0);
INSERT INTO logged_sets (id, created_at, updated_at, deleted_at, logged_exercise_id, reps, weight) VALUES(1091, '2025-12-11 20:22:15', '2025-12-11 20:22:15', NULL, 1052, 6, 30.0);
INSERT INTO workout_logs (id, created_at, updated_at, deleted_at, date, workout_plan_id) VALUES(1007, '2025-12-11 20:22:15', '2025-12-11 20:22:15', NULL, '2025-10-22 00:00:00', 2);
INSERT INTO logged_exercises (id, created_at, updated_at, deleted_at, workout_log_id, exercise_id, weight_setup) VALUES(1053, '2025-12-11 20:22:15', '2025-12-11 20:22:15', NULL, 1007, 10, '');
INSERT INTO logged_sets (id, created_at, updated_at, deleted_at, logged_exercise_id, reps, weight) VALUES(1092, '2025-12-11 20:22:15', '2025-12-11 20:22:15', NULL, 1053, 7, 25.0);
INSERT INTO logged_sets (id, created_at, updated_at, deleted_at, logged_exercise_id, reps, weight) VALUES(1093, '2025-12-11 20:22:15', '2025-12-11 20:22:15', NULL, 1053, 6, 25.0);
INSERT INTO logged_exercises (id, created_at, updated_at, deleted_at, workout_log_id, exercise_id, weight_setup) VALUES(1054, '2025-12-11 20:22:15', '2025-12-11 20:22:15', NULL, 1007, 11, '');
INSERT INTO logged_sets (id, created_at, updated_at, deleted_at, logged_exercise_id, reps, weight) VALUES(1094, '2025-12-11 20:22:15', '2025-12-11 20:22:15', NULL, 1054, 10, 40.0);
INSERT INTO logged_sets (id, created_at, updated_at, deleted_at, logged_exercise_id, reps, weight) VALUES(1095, '2025-12-11 20:22:15', '2025-12-11 20:22:15', NULL, 1054, 10, 40.0);
INSERT INTO logged_exercises (id, created_at, updated_at, deleted_at, workout_log_id, exercise_id, weight_setup) VALUES(1055, '2025-12-11 20:22:15', '2025-12-11 20:22:15', NULL, 1007, 12, '');
INSERT INTO logged_sets (id, created_at, updated_at, deleted_at, logged_exercise_id, reps, weight) VALUES(1096, '2025-12-11 20:22:15', '2025-12-11 20:22:15', NULL, 1055, 9, 90.0);
INSERT INTO logged_sets (id, created_at, updated_at, deleted_at, logged_exercise_id, reps, weight) VALUES(1097, '2025-12-11 20:22:15', '2025-12-11 20:22:15', NULL, 1055, 6, 100.0);
INSERT INTO logged_exercises (id, created_at, updated_at, deleted_at, workout_log_id, exercise_id, weight_setup) VALUES(1056, '2025-12-11 20:22:15', '2025-12-11 20:22:15', NULL, 1007, 9, '');
INSERT INTO logged_sets (id, created_at, updated_at, deleted_at, logged_exercise_id, reps, weight) VALUES(1098, '2025-12-11 20:22:15', '2025-12-11 20:22:15', NULL, 1056, 9, 60.0);
INSERT INTO logged_sets (id, created_at, updated_at, deleted_at, logged_exercise_id, reps, weight) VALUES(1099, '2025-12-11 20:22:15', '2025-12-11 20:22:15', NULL, 1056, 9, 60.0);
INSERT INTO logged_exercises (id, created_at, updated_at, deleted_at, workout_log_id, exercise_id, weight_setup) VALUES(1057, '2025-12-11 20:22:15', '2025-12-11 20:22:15', NULL, 1007, 15, '');
INSERT INTO logged_sets (id, created_at, updated_at, deleted_at, logged_exercise_id, reps, weight) VALUES(1100, '2025-12-11 20:22:15', '2025-12-11 20:22:15', NULL, 1057, 6, 20.0);
INSERT INTO logged_sets (id, created_at, updated_at, deleted_at, logged_exercise_id, reps, weight) VALUES(1101, '2025-12-11 20:22:15', '2025-12-11 20:22:15', NULL, 1057, 6, 20.0);
INSERT INTO logged_exercises (id, created_at, updated_at, deleted_at, workout_log_id, exercise_id, weight_setup) VALUES(1058, '2025-12-11 20:22:15', '2025-12-11 20:22:15', NULL, 1007, 16, '');
INSERT INTO logged_sets (id, created_at, updated_at, deleted_at, logged_exercise_id, reps, weight) VALUES(1102, '2025-12-11 20:22:15', '2025-12-11 20:22:15', NULL, 1058, 6, 22.5);
INSERT INTO logged_sets (id, created_at, updated_at, deleted_at, logged_exercise_id, reps, weight) VALUES(1103, '2025-12-11 20:22:15', '2025-12-11 20:22:15', NULL, 1058, 6, 22.5);
INSERT INTO workout_logs (id, created_at, updated_at, deleted_at, date, workout_plan_id) VALUES(1008, '2025-12-11 20:22:15', '2025-12-11 20:22:15', NULL, '2025-10-23 00:00:00', 3);
INSERT INTO logged_exercises (id, created_at, updated_at, deleted_at, workout_log_id, exercise_id, weight_setup) VALUES(1059, '2025-12-11 20:22:15', '2025-12-11 20:22:15', NULL, 1008, 24, '');
INSERT INTO logged_sets (id, created_at, updated_at, deleted_at, logged_exercise_id, reps, weight) VALUES(1104, '2025-12-11 20:22:15', '2025-12-11 20:22:15', NULL, 1059, 11, 80.0);
INSERT INTO logged_exercises (id, created_at, updated_at, deleted_at, workout_log_id, exercise_id, weight_setup) VALUES(1060, '2025-12-11 20:22:15', '2025-12-11 20:22:15', NULL, 1008, 25, '');
INSERT INTO logged_sets (id, created_at, updated_at, deleted_at, logged_exercise_id, reps, weight) VALUES(1105, '2025-12-11 20:22:15', '2025-12-11 20:22:15', NULL, 1060, 12, 70.0);
INSERT INTO logged_exercises (id, created_at, updated_at, deleted_at, workout_log_id, exercise_id, weight_setup) VALUES(1061, '2025-12-11 20:22:15', '2025-12-11 20:22:15', NULL, 1008, 20, '');
INSERT INTO logged_sets (id, created_at, updated_at, deleted_at, logged_exercise_id, reps, weight) VALUES(1106, '2025-12-11 20:22:15', '2025-12-11 20:22:15', NULL, 1061, 9, 75.0);
INSERT INTO logged_sets (id, created_at, updated_at, deleted_at, logged_exercise_id, reps, weight) VALUES(1107, '2025-12-11 20:22:15', '2025-12-11 20:22:15', NULL, 1061, 7, 80.0);
INSERT INTO logged_sets (id, created_at, updated_at, deleted_at, logged_exercise_id, reps, weight) VALUES(1108, '2025-12-11 20:22:15', '2025-12-11 20:22:15', NULL, 1061, 7, 80.0);
INSERT INTO logged_exercises (id, created_at, updated_at, deleted_at, workout_log_id, exercise_id, weight_setup) VALUES(1062, '2025-12-11 20:22:15', '2025-12-11 20:22:15', NULL, 1008, 21, '');
INSERT INTO logged_sets (id, created_at, updated_at, deleted_at, logged_exercise_id, reps, weight) VALUES(1109, '2025-12-11 20:22:15', '2025-12-11 20:22:15', NULL, 1062, 7, 75.0);
INSERT INTO logged_sets (id, created_at, updated_at, deleted_at, logged_exercise_id, reps, weight) VALUES(1110, '2025-12-11 20:22:15', '2025-12-11 20:22:15', NULL, 1062, 7, 75.0);
INSERT INTO logged_exercises (id, created_at, updated_at, deleted_at, workout_log_id, exercise_id, weight_setup) VALUES(1063, '2025-12-11 20:22:15', '2025-12-11 20:22:15', NULL, 1008, 7, '');
INSERT INTO logged_sets (id, created_at, updated_at, deleted_at, logged_exercise_id, reps, weight) VALUES(1111, '2025-12-11 20:22:15', '2025-12-11 20:22:15', NULL, 1063, 7, 35.0);
INSERT INTO logged_sets (id, created_at, updated_at, deleted_at, logged_exercise_id, reps, weight) VALUES(1112, '2025-12-11 20:22:15', '2025-12-11 20:22:15', NULL, 1063, 6, 35.0);
INSERT INTO logged_exercises (id, created_at, updated_at, deleted_at, workout_log_id, exercise_id, weight_setup) VALUES(1064, '2025-12-11 20:22:15', '2025-12-11 20:22:15', NULL, 1008, 6, '');
INSERT INTO logged_sets (id, created_at, updated_at, deleted_at, logged_exercise_id, reps, weight) VALUES(1113, '2025-12-11 20:22:15', '2025-12-11 20:22:15', NULL, 1064, 7, 35.0);
INSERT INTO logged_sets (id, created_at, updated_at, deleted_at, logged_exercise_id, reps, weight) VALUES(1114, '2025-12-11 20:22:15', '2025-12-11 20:22:15', NULL, 1064, 8, 35.0);
INSERT INTO logged_exercises (id, created_at, updated_at, deleted_at, workout_log_id, exercise_id, weight_setup) VALUES(1065, '2025-12-11 20:22:15', '2025-12-11 20:22:15', NULL, 1008, 17, '');
INSERT INTO logged_sets (id, created_at, updated_at, deleted_at, logged_exercise_id, reps, weight) VALUES(1115, '2025-12-11 20:22:15', '2025-12-11 20:22:15', NULL, 1065, 13, 90.0);
INSERT INTO logged_exercises (id, created_at, updated_at, deleted_at, workout_log_id, exercise_id, weight_setup) VALUES(1066, '2025-12-11 20:22:15', '2025-12-11 20:22:15', NULL, 1008, 18, '');
INSERT INTO logged_sets (id, created_at, updated_at, deleted_at, logged_exercise_id, reps, weight) VALUES(1116, '2025-12-11 20:22:15', '2025-12-11 20:22:15', NULL, 1066, 8, 110.0);
INSERT INTO logged_sets (id, created_at, updated_at, deleted_at, logged_exercise_id, reps, weight) VALUES(1117, '2025-12-11 20:22:15', '2025-12-11 20:22:15', NULL, 1066, 8, 110.0);
INSERT INTO workout_logs (id, created_at, updated_at, deleted_at, date, workout_plan_id) VALUES(1009, '2025-12-11 20:22:15', '2025-12-11 20:22:15', NULL, '2025-10-25 00:00:00', 4);
INSERT INTO logged_exercises (id, created_at, updated_at, deleted_at, workout_log_id, exercise_id, weight_setup) VALUES(1067, '2025-12-11 20:22:15', '2025-12-11 20:22:15', NULL, 1009, 1, '');
INSERT INTO logged_sets (id, created_at, updated_at, deleted_at, logged_exercise_id, reps, weight) VALUES(1118, '2025-12-11 20:22:15', '2025-12-11 20:22:15', NULL, 1067, 5, 45.0);
INSERT INTO logged_sets (id, created_at, updated_at, deleted_at, logged_exercise_id, reps, weight) VALUES(1119, '2025-12-11 20:22:15', '2025-12-11 20:22:15', NULL, 1067, 5, 45.0);
INSERT INTO logged_exercises (id, created_at, updated_at, deleted_at, workout_log_id, exercise_id, weight_setup) VALUES(1068, '2025-12-11 20:22:15', '2025-12-11 20:22:15', NULL, 1009, 2, '');
INSERT INTO logged_sets (id, created_at, updated_at, deleted_at, logged_exercise_id, reps, weight) VALUES(1120, '2025-12-11 20:22:15', '2025-12-11 20:22:15', NULL, 1068, 7, 80.0);
INSERT INTO logged_sets (id, created_at, updated_at, deleted_at, logged_exercise_id, reps, weight) VALUES(1121, '2025-12-11 20:22:15', '2025-12-11 20:22:15', NULL, 1068, 7, 80.0);
INSERT INTO logged_exercises (id, created_at, updated_at, deleted_at, workout_log_id, exercise_id, weight_setup) VALUES(1069, '2025-12-11 20:22:15', '2025-12-11 20:22:15', NULL, 1009, 3, '');
INSERT INTO logged_sets (id, created_at, updated_at, deleted_at, logged_exercise_id, reps, weight) VALUES(1122, '2025-12-11 20:22:15', '2025-12-11 20:22:15', NULL, 1069, 9, -100.0);
INSERT INTO logged_exercises (id, created_at, updated_at, deleted_at, workout_log_id, exercise_id, weight_setup) VALUES(1070, '2025-12-11 20:22:15', '2025-12-11 20:22:15', NULL, 1009, 4, '');
INSERT INTO logged_sets (id, created_at, updated_at, deleted_at, logged_exercise_id, reps, weight) VALUES(1123, '2025-12-11 20:22:15', '2025-12-11 20:22:15', NULL, 1070, 16, 10.0);
INSERT INTO logged_sets (id, created_at, updated_at, deleted_at, logged_exercise_id, reps, weight) VALUES(1124, '2025-12-11 20:22:15', '2025-12-11 20:22:15', NULL, 1070, 14, 10.0);
INSERT INTO logged_exercises (id, created_at, updated_at, deleted_at, workout_log_id, exercise_id, weight_setup) VALUES(1071, '2025-12-11 20:22:15', '2025-12-11 20:22:15', NULL, 1009, 5, '');
INSERT INTO logged_sets (id, created_at, updated_at, deleted_at, logged_exercise_id, reps, weight) VALUES(1125, '2025-12-11 20:22:15', '2025-12-11 20:22:15', NULL, 1071, 7, 80.0);
INSERT INTO logged_sets (id, created_at, updated_at, deleted_at, logged_exercise_id, reps, weight) VALUES(1126, '2025-12-11 20:22:15', '2025-12-11 20:22:15', NULL, 1071, 6, 80.0);
INSERT INTO logged_exercises (id, created_at, updated_at, deleted_at, workout_log_id, exercise_id, weight_setup) VALUES(1072, '2025-12-11 20:22:15', '2025-12-11 20:22:15', NULL, 1009, 10, '');
INSERT INTO logged_sets (id, created_at, updated_at, deleted_at, logged_exercise_id, reps, weight) VALUES(1127, '2025-12-11 20:22:15', '2025-12-11 20:22:15', NULL, 1072, 7, 25.0);
INSERT INTO logged_sets (id, created_at, updated_at, deleted_at, logged_exercise_id, reps, weight) VALUES(1128, '2025-12-11 20:22:15', '2025-12-11 20:22:15', NULL, 1072, 7, 25.0);
INSERT INTO logged_exercises (id, created_at, updated_at, deleted_at, workout_log_id, exercise_id, weight_setup) VALUES(1073, '2025-12-11 20:22:15', '2025-12-11 20:22:15', NULL, 1009, 12, '');
INSERT INTO logged_sets (id, created_at, updated_at, deleted_at, logged_exercise_id, reps, weight) VALUES(1129, '2025-12-11 20:22:15', '2025-12-11 20:22:15', NULL, 1073, 6, 100.0);
INSERT INTO logged_sets (id, created_at, updated_at, deleted_at, logged_exercise_id, reps, weight) VALUES(1130, '2025-12-11 20:22:15', '2025-12-11 20:22:15', NULL, 1073, 6, 100.0);
INSERT INTO logged_exercises (id, created_at, updated_at, deleted_at, workout_log_id, exercise_id, weight_setup) VALUES(1074, '2025-12-11 20:22:15', '2025-12-11 20:22:15', NULL, 1009, 11, '');
INSERT INTO logged_sets (id, created_at, updated_at, deleted_at, logged_exercise_id, reps, weight) VALUES(1131, '2025-12-11 20:22:15', '2025-12-11 20:22:15', NULL, 1074, 8, 40.0);
INSERT INTO logged_sets (id, created_at, updated_at, deleted_at, logged_exercise_id, reps, weight) VALUES(1132, '2025-12-11 20:22:15', '2025-12-11 20:22:15', NULL, 1074, 8, 40.0);
INSERT INTO logged_exercises (id, created_at, updated_at, deleted_at, workout_log_id, exercise_id, weight_setup) VALUES(1075, '2025-12-11 20:22:15', '2025-12-11 20:22:15', NULL, 1009, 13, '');
INSERT INTO logged_sets (id, created_at, updated_at, deleted_at, logged_exercise_id, reps, weight) VALUES(1133, '2025-12-11 20:22:15', '2025-12-11 20:22:15', NULL, 1075, 7, 30.0);
INSERT INTO logged_sets (id, created_at, updated_at, deleted_at, logged_exercise_id, reps, weight) VALUES(1134, '2025-12-11 20:22:15', '2025-12-11 20:22:15', NULL, 1075, 7, 30.0);
INSERT INTO logged_exercises (id, created_at, updated_at, deleted_at, workout_log_id, exercise_id, weight_setup) VALUES(1076, '2025-12-11 20:22:15', '2025-12-11 20:22:15', NULL, 1009, 14, '');
INSERT INTO logged_sets (id, created_at, updated_at, deleted_at, logged_exercise_id, reps, weight) VALUES(1135, '2025-12-11 20:22:15', '2025-12-11 20:22:15', NULL, 1076, 7, 80.0);
INSERT INTO logged_sets (id, created_at, updated_at, deleted_at, logged_exercise_id, reps, weight) VALUES(1136, '2025-12-11 20:22:15', '2025-12-11 20:22:15', NULL, 1076, 6, 80.0);
INSERT INTO logged_exercises (id, created_at, updated_at, deleted_at, workout_log_id, exercise_id, weight_setup) VALUES(1077, '2025-12-11 20:22:15', '2025-12-11 20:22:15', NULL, 1009, 15, '');
INSERT INTO logged_sets (id, created_at, updated_at, deleted_at, logged_exercise_id, reps, weight) VALUES(1137, '2025-12-11 20:22:15', '2025-12-11 20:22:15', NULL, 1077, 9, 20.0);
INSERT INTO logged_sets (id, created_at, updated_at, deleted_at, logged_exercise_id, reps, weight) VALUES(1138, '2025-12-11 20:22:15', '2025-12-11 20:22:15', NULL, 1077, 7, 20.0);
INSERT INTO logged_exercises (id, created_at, updated_at, deleted_at, workout_log_id, exercise_id, weight_setup) VALUES(1078, '2025-12-11 20:22:15', '2025-12-11 20:22:15', NULL, 1009, 16, '');
INSERT INTO logged_sets (id, created_at, updated_at, deleted_at, logged_exercise_id, reps, weight) VALUES(1139, '2025-12-11 20:22:15', '2025-12-11 20:22:15', NULL, 1078, 5, 22.5);
INSERT INTO workout_logs (id, created_at, updated_at, deleted_at, date, workout_plan_id) VALUES(1010, '2025-12-11 20:22:15', '2025-12-11 20:22:15', NULL, '2025-10-26 00:00:00', 5);
INSERT INTO logged_exercises (id, created_at, updated_at, deleted_at, workout_log_id, exercise_id, weight_setup) VALUES(1079, '2025-12-11 20:22:15', '2025-12-11 20:22:15', NULL, 1010, 24, '');
INSERT INTO logged_sets (id, created_at, updated_at, deleted_at, logged_exercise_id, reps, weight) VALUES(1140, '2025-12-11 20:22:15', '2025-12-11 20:22:15', NULL, 1079, 12, 80.0);
INSERT INTO logged_exercises (id, created_at, updated_at, deleted_at, workout_log_id, exercise_id, weight_setup) VALUES(1080, '2025-12-11 20:22:15', '2025-12-11 20:22:15', NULL, 1010, 25, '');
INSERT INTO logged_sets (id, created_at, updated_at, deleted_at, logged_exercise_id, reps, weight) VALUES(1141, '2025-12-11 20:22:15', '2025-12-11 20:22:15', NULL, 1080, 13, 70.0);
INSERT INTO logged_exercises (id, created_at, updated_at, deleted_at, workout_log_id, exercise_id, weight_setup) VALUES(1081, '2025-12-11 20:22:15', '2025-12-11 20:22:15', NULL, 1010, 20, '');
INSERT INTO logged_sets (id, created_at, updated_at, deleted_at, logged_exercise_id, reps, weight) VALUES(1142, '2025-12-11 20:22:15', '2025-12-11 20:22:15', NULL, 1081, 8, 75.0);
INSERT INTO logged_sets (id, created_at, updated_at, deleted_at, logged_exercise_id, reps, weight) VALUES(1143, '2025-12-11 20:22:15', '2025-12-11 20:22:15', NULL, 1081, 8, 75.0);
INSERT INTO logged_sets (id, created_at, updated_at, deleted_at, logged_exercise_id, reps, weight) VALUES(1144, '2025-12-11 20:22:15', '2025-12-11 20:22:15', NULL, 1081, 8, 75.0);
INSERT INTO logged_exercises (id, created_at, updated_at, deleted_at, workout_log_id, exercise_id, weight_setup) VALUES(1082, '2025-12-11 20:22:15', '2025-12-11 20:22:15', NULL, 1010, 21, '');
INSERT INTO logged_sets (id, created_at, updated_at, deleted_at, logged_exercise_id, reps, weight) VALUES(1145, '2025-12-11 20:22:15', '2025-12-11 20:22:15', NULL, 1082, 7, 75.0);
INSERT INTO logged_sets (id, created_at, updated_at, deleted_at, logged_exercise_id, reps, weight) VALUES(1146, '2025-12-11 20:22:15', '2025-12-11 20:22:15', NULL, 1082, 7, 75.0);
INSERT INTO logged_exercises (id, created_at, updated_at, deleted_at, workout_log_id, exercise_id, weight_setup) VALUES(1083, '2025-12-11 20:22:15', '2025-12-11 20:22:15', NULL, 1010, 7, '');
INSERT INTO logged_sets (id, created_at, updated_at, deleted_at, logged_exercise_id, reps, weight) VALUES(1147, '2025-12-11 20:22:15', '2025-12-11 20:22:15', NULL, 1083, 8, 35.0);
INSERT INTO logged_sets (id, created_at, updated_at, deleted_at, logged_exercise_id, reps, weight) VALUES(1148, '2025-12-11 20:22:15', '2025-12-11 20:22:15', NULL, 1083, 8, 35.0);
INSERT INTO logged_exercises (id, created_at, updated_at, deleted_at, workout_log_id, exercise_id, weight_setup) VALUES(1084, '2025-12-11 20:22:15', '2025-12-11 20:22:15', NULL, 1010, 6, '');
INSERT INTO logged_sets (id, created_at, updated_at, deleted_at, logged_exercise_id, reps, weight) VALUES(1149, '2025-12-11 20:22:15', '2025-12-11 20:22:15', NULL, 1084, 7, 35.0);
INSERT INTO logged_sets (id, created_at, updated_at, deleted_at, logged_exercise_id, reps, weight) VALUES(1150, '2025-12-11 20:22:15', '2025-12-11 20:22:15', NULL, 1084, 8, 35.0);
INSERT INTO logged_exercises (id, created_at, updated_at, deleted_at, workout_log_id, exercise_id, weight_setup) VALUES(1085, '2025-12-11 20:22:15', '2025-12-11 20:22:15', NULL, 1010, 23, '');
INSERT INTO logged_sets (id, created_at, updated_at, deleted_at, logged_exercise_id, reps, weight) VALUES(1151, '2025-12-11 20:22:15', '2025-12-11 20:22:15', NULL, 1085, 8, 25.0);
INSERT INTO logged_exercises (id, created_at, updated_at, deleted_at, workout_log_id, exercise_id, weight_setup) VALUES(1086, '2025-12-11 20:22:15', '2025-12-11 20:22:15', NULL, 1010, 19, '');
INSERT INTO logged_sets (id, created_at, updated_at, deleted_at, logged_exercise_id, reps, weight) VALUES(1152, '2025-12-11 20:22:15', '2025-12-11 20:22:15', NULL, 1086, 5, 180.0);
INSERT INTO logged_exercises (id, created_at, updated_at, deleted_at, workout_log_id, exercise_id, weight_setup) VALUES(1087, '2025-12-11 20:22:15', '2025-12-11 20:22:15', NULL, 1010, 17, '');
INSERT INTO logged_sets (id, created_at, updated_at, deleted_at, logged_exercise_id, reps, weight) VALUES(1153, '2025-12-11 20:22:15', '2025-12-11 20:22:15', NULL, 1087, 13, 90.0);
INSERT INTO logged_exercises (id, created_at, updated_at, deleted_at, workout_log_id, exercise_id, weight_setup) VALUES(1088, '2025-12-11 20:22:15', '2025-12-11 20:22:15', NULL, 1010, 18, '');
INSERT INTO logged_sets (id, created_at, updated_at, deleted_at, logged_exercise_id, reps, weight) VALUES(1154, '2025-12-11 20:22:15', '2025-12-11 20:22:15', NULL, 1088, 9, 110.0);
INSERT INTO logged_sets (id, created_at, updated_at, deleted_at, logged_exercise_id, reps, weight) VALUES(1155, '2025-12-11 20:22:15', '2025-12-11 20:22:15', NULL, 1088, 8, 110.0);
INSERT INTO workout_logs (id, created_at, updated_at, deleted_at, date, workout_plan_id) VALUES(1011, '2025-12-11 20:22:15', '2025-12-11 20:22:15', NULL, '2025-10-28 00:00:00', 1);
INSERT INTO logged_exercises (id, created_at, updated_at, deleted_at, workout_log_id, exercise_id, weight_setup) VALUES(1089, '2025-12-11 20:22:15', '2025-12-11 20:22:15', NULL, 1011, 1, '');
INSERT INTO logged_sets (id, created_at, updated_at, deleted_at, logged_exercise_id, reps, weight) VALUES(1156, '2025-12-11 20:22:15', '2025-12-11 20:22:15', NULL, 1089, 5, 45.0);
INSERT INTO logged_sets (id, created_at, updated_at, deleted_at, logged_exercise_id, reps, weight) VALUES(1157, '2025-12-11 20:22:15', '2025-12-11 20:22:15', NULL, 1089, 4, 45.0);
INSERT INTO logged_exercises (id, created_at, updated_at, deleted_at, workout_log_id, exercise_id, weight_setup) VALUES(1090, '2025-12-11 20:22:15', '2025-12-11 20:22:15', NULL, 1011, 2, '');
INSERT INTO logged_sets (id, created_at, updated_at, deleted_at, logged_exercise_id, reps, weight) VALUES(1158, '2025-12-11 20:22:15', '2025-12-11 20:22:15', NULL, 1090, 8, 80.0);
INSERT INTO logged_sets (id, created_at, updated_at, deleted_at, logged_exercise_id, reps, weight) VALUES(1159, '2025-12-11 20:22:15', '2025-12-11 20:22:15', NULL, 1090, 8, 80.0);
INSERT INTO logged_exercises (id, created_at, updated_at, deleted_at, workout_log_id, exercise_id, weight_setup) VALUES(1091, '2025-12-11 20:22:15', '2025-12-11 20:22:15', NULL, 1011, 4, '');
INSERT INTO logged_sets (id, created_at, updated_at, deleted_at, logged_exercise_id, reps, weight) VALUES(1160, '2025-12-11 20:22:15', '2025-12-11 20:22:15', NULL, 1091, 12, 10.0);
INSERT INTO logged_sets (id, created_at, updated_at, deleted_at, logged_exercise_id, reps, weight) VALUES(1161, '2025-12-11 20:22:15', '2025-12-11 20:22:15', NULL, 1091, 11, 10.0);
INSERT INTO logged_exercises (id, created_at, updated_at, deleted_at, workout_log_id, exercise_id, weight_setup) VALUES(1092, '2025-12-11 20:22:15', '2025-12-11 20:22:15', NULL, 1011, 5, '');
INSERT INTO logged_sets (id, created_at, updated_at, deleted_at, logged_exercise_id, reps, weight) VALUES(1162, '2025-12-11 20:22:15', '2025-12-11 20:22:15', NULL, 1092, 7, 80.0);
INSERT INTO logged_sets (id, created_at, updated_at, deleted_at, logged_exercise_id, reps, weight) VALUES(1163, '2025-12-11 20:22:15', '2025-12-11 20:22:15', NULL, 1092, 7, 80.0);
INSERT INTO logged_exercises (id, created_at, updated_at, deleted_at, workout_log_id, exercise_id, weight_setup) VALUES(1093, '2025-12-11 20:22:15', '2025-12-11 20:22:15', NULL, 1011, 13, '');
INSERT INTO logged_sets (id, created_at, updated_at, deleted_at, logged_exercise_id, reps, weight) VALUES(1164, '2025-12-11 20:22:15', '2025-12-11 20:22:15', NULL, 1093, 7, 30.0);
INSERT INTO logged_sets (id, created_at, updated_at, deleted_at, logged_exercise_id, reps, weight) VALUES(1165, '2025-12-11 20:22:15', '2025-12-11 20:22:15', NULL, 1093, 7, 30.0);
INSERT INTO logged_exercises (id, created_at, updated_at, deleted_at, workout_log_id, exercise_id, weight_setup) VALUES(1094, '2025-12-11 20:22:15', '2025-12-11 20:22:15', NULL, 1011, 14, '');
INSERT INTO logged_sets (id, created_at, updated_at, deleted_at, logged_exercise_id, reps, weight) VALUES(1166, '2025-12-11 20:22:15', '2025-12-11 20:22:15', NULL, 1094, 9, 80.0);
INSERT INTO workout_logs (id, created_at, updated_at, deleted_at, date, workout_plan_id) VALUES(1012, '2025-12-11 20:22:15', '2025-12-11 20:22:15', NULL, '2025-10-29 00:00:00', 2);
INSERT INTO logged_exercises (id, created_at, updated_at, deleted_at, workout_log_id, exercise_id, weight_setup) VALUES(1095, '2025-12-11 20:22:15', '2025-12-11 20:22:15', NULL, 1012, 10, '');
INSERT INTO logged_sets (id, created_at, updated_at, deleted_at, logged_exercise_id, reps, weight) VALUES(1167, '2025-12-11 20:22:15', '2025-12-11 20:22:15', NULL, 1095, 8, 25.0);
INSERT INTO logged_sets (id, created_at, updated_at, deleted_at, logged_exercise_id, reps, weight) VALUES(1168, '2025-12-11 20:22:15', '2025-12-11 20:22:15', NULL, 1095, 8, 25.0);
INSERT INTO logged_exercises (id, created_at, updated_at, deleted_at, workout_log_id, exercise_id, weight_setup) VALUES(1096, '2025-12-11 20:22:15', '2025-12-11 20:22:15', NULL, 1012, 11, '');
INSERT INTO logged_sets (id, created_at, updated_at, deleted_at, logged_exercise_id, reps, weight) VALUES(1169, '2025-12-11 20:22:15', '2025-12-11 20:22:15', NULL, 1096, 11, 40.0);
INSERT INTO logged_sets (id, created_at, updated_at, deleted_at, logged_exercise_id, reps, weight) VALUES(1170, '2025-12-11 20:22:15', '2025-12-11 20:22:15', NULL, 1096, 11, 40.0);
INSERT INTO logged_exercises (id, created_at, updated_at, deleted_at, workout_log_id, exercise_id, weight_setup) VALUES(1097, '2025-12-11 20:22:15', '2025-12-11 20:22:15', NULL, 1012, 12, '');
INSERT INTO logged_sets (id, created_at, updated_at, deleted_at, logged_exercise_id, reps, weight) VALUES(1171, '2025-12-11 20:22:15', '2025-12-11 20:22:15', NULL, 1097, 7, 100.0);
INSERT INTO logged_sets (id, created_at, updated_at, deleted_at, logged_exercise_id, reps, weight) VALUES(1172, '2025-12-11 20:22:15', '2025-12-11 20:22:15', NULL, 1097, 6, 100.0);
INSERT INTO logged_exercises (id, created_at, updated_at, deleted_at, workout_log_id, exercise_id, weight_setup) VALUES(1098, '2025-12-11 20:22:15', '2025-12-11 20:22:15', NULL, 1012, 9, '');
INSERT INTO logged_sets (id, created_at, updated_at, deleted_at, logged_exercise_id, reps, weight) VALUES(1173, '2025-12-11 20:22:15', '2025-12-11 20:22:15', NULL, 1098, 7, 60.0);
INSERT INTO logged_exercises (id, created_at, updated_at, deleted_at, workout_log_id, exercise_id, weight_setup) VALUES(1099, '2025-12-11 20:22:15', '2025-12-11 20:22:15', NULL, 1012, 15, '');
INSERT INTO logged_sets (id, created_at, updated_at, deleted_at, logged_exercise_id, reps, weight) VALUES(1174, '2025-12-11 20:22:15', '2025-12-11 20:22:15', NULL, 1099, 8, 20.0);
INSERT INTO logged_sets (id, created_at, updated_at, deleted_at, logged_exercise_id, reps, weight) VALUES(1175, '2025-12-11 20:22:15', '2025-12-11 20:22:15', NULL, 1099, 7, 20.0);
INSERT INTO logged_exercises (id, created_at, updated_at, deleted_at, workout_log_id, exercise_id, weight_setup) VALUES(1100, '2025-12-11 20:22:15', '2025-12-11 20:22:15', NULL, 1012, 16, '');
INSERT INTO logged_sets (id, created_at, updated_at, deleted_at, logged_exercise_id, reps, weight) VALUES(1176, '2025-12-11 20:22:15', '2025-12-11 20:22:15', NULL, 1100, 8, 22.5);
INSERT INTO logged_sets (id, created_at, updated_at, deleted_at, logged_exercise_id, reps, weight) VALUES(1177, '2025-12-11 20:22:15', '2025-12-11 20:22:15', NULL, 1100, 7, 22.5);
INSERT INTO workout_logs (id, created_at, updated_at, deleted_at, date, workout_plan_id) VALUES(1013, '2025-12-11 20:22:15', '2025-12-11 20:22:15', NULL, '2025-10-30 00:00:00', 3);
INSERT INTO logged_exercises (id, created_at, updated_at, deleted_at, workout_log_id, exercise_id, weight_setup) VALUES(1101, '2025-12-11 20:22:15', '2025-12-11 20:22:15', NULL, 1013, 24, '');
INSERT INTO logged_sets (id, created_at, updated_at, deleted_at, logged_exercise_id, reps, weight) VALUES(1178, '2025-12-11 20:22:15', '2025-12-11 20:22:15', NULL, 1101, 8, 80.0);
INSERT INTO logged_exercises (id, created_at, updated_at, deleted_at, workout_log_id, exercise_id, weight_setup) VALUES(1102, '2025-12-11 20:22:15', '2025-12-11 20:22:15', NULL, 1013, 25, '');
INSERT INTO logged_sets (id, created_at, updated_at, deleted_at, logged_exercise_id, reps, weight) VALUES(1179, '2025-12-11 20:22:15', '2025-12-11 20:22:15', NULL, 1102, 10, 70.0);
INSERT INTO logged_exercises (id, created_at, updated_at, deleted_at, workout_log_id, exercise_id, weight_setup) VALUES(1103, '2025-12-11 20:22:15', '2025-12-11 20:22:15', NULL, 1013, 20, '');
INSERT INTO logged_sets (id, created_at, updated_at, deleted_at, logged_exercise_id, reps, weight) VALUES(1180, '2025-12-11 20:22:15', '2025-12-11 20:22:15', NULL, 1103, 8, 80.0);
INSERT INTO logged_sets (id, created_at, updated_at, deleted_at, logged_exercise_id, reps, weight) VALUES(1181, '2025-12-11 20:22:15', '2025-12-11 20:22:15', NULL, 1103, 9, 80.0);
INSERT INTO logged_exercises (id, created_at, updated_at, deleted_at, workout_log_id, exercise_id, weight_setup) VALUES(1104, '2025-12-11 20:22:15', '2025-12-11 20:22:15', NULL, 1013, 21, '');
INSERT INTO logged_sets (id, created_at, updated_at, deleted_at, logged_exercise_id, reps, weight) VALUES(1182, '2025-12-11 20:22:15', '2025-12-11 20:22:15', NULL, 1104, 8, 75.0);
INSERT INTO logged_sets (id, created_at, updated_at, deleted_at, logged_exercise_id, reps, weight) VALUES(1183, '2025-12-11 20:22:15', '2025-12-11 20:22:15', NULL, 1104, 9, 75.0);
INSERT INTO logged_exercises (id, created_at, updated_at, deleted_at, workout_log_id, exercise_id, weight_setup) VALUES(1105, '2025-12-11 20:22:15', '2025-12-11 20:22:15', NULL, 1013, 7, '');
INSERT INTO logged_sets (id, created_at, updated_at, deleted_at, logged_exercise_id, reps, weight) VALUES(1184, '2025-12-11 20:22:15', '2025-12-11 20:22:15', NULL, 1105, 7, 35.0);
INSERT INTO logged_sets (id, created_at, updated_at, deleted_at, logged_exercise_id, reps, weight) VALUES(1185, '2025-12-11 20:22:15', '2025-12-11 20:22:15', NULL, 1105, 8, 35.0);
INSERT INTO logged_exercises (id, created_at, updated_at, deleted_at, workout_log_id, exercise_id, weight_setup) VALUES(1106, '2025-12-11 20:22:15', '2025-12-11 20:22:15', NULL, 1013, 6, '');
INSERT INTO logged_sets (id, created_at, updated_at, deleted_at, logged_exercise_id, reps, weight) VALUES(1186, '2025-12-11 20:22:15', '2025-12-11 20:22:15', NULL, 1106, 6, 40.0);
INSERT INTO logged_sets (id, created_at, updated_at, deleted_at, logged_exercise_id, reps, weight) VALUES(1187, '2025-12-11 20:22:15', '2025-12-11 20:22:15', NULL, 1106, 6, 40.0);
INSERT INTO logged_exercises (id, created_at, updated_at, deleted_at, workout_log_id, exercise_id, weight_setup) VALUES(1107, '2025-12-11 20:22:15', '2025-12-11 20:22:15', NULL, 1013, 17, '');
INSERT INTO logged_sets (id, created_at, updated_at, deleted_at, logged_exercise_id, reps, weight) VALUES(1188, '2025-12-11 20:22:15', '2025-12-11 20:22:15', NULL, 1107, 16, 90.0);
INSERT INTO workout_logs (id, created_at, updated_at, deleted_at, date, workout_plan_id) VALUES(1014, '2025-12-11 20:22:15', '2025-12-11 20:22:15', NULL, '2025-11-01 00:00:00', 4);
INSERT INTO logged_exercises (id, created_at, updated_at, deleted_at, workout_log_id, exercise_id, weight_setup) VALUES(1108, '2025-12-11 20:22:15', '2025-12-11 20:22:15', NULL, 1014, 1, '');
INSERT INTO logged_sets (id, created_at, updated_at, deleted_at, logged_exercise_id, reps, weight) VALUES(1189, '2025-12-11 20:22:15', '2025-12-11 20:22:15', NULL, 1108, 6, 45.0);
INSERT INTO logged_sets (id, created_at, updated_at, deleted_at, logged_exercise_id, reps, weight) VALUES(1190, '2025-12-11 20:22:15', '2025-12-11 20:22:15', NULL, 1108, 5, 45.0);
INSERT INTO logged_exercises (id, created_at, updated_at, deleted_at, workout_log_id, exercise_id, weight_setup) VALUES(1109, '2025-12-11 20:22:15', '2025-12-11 20:22:15', NULL, 1014, 2, '');
INSERT INTO logged_sets (id, created_at, updated_at, deleted_at, logged_exercise_id, reps, weight) VALUES(1191, '2025-12-11 20:22:15', '2025-12-11 20:22:15', NULL, 1109, 8, 80.0);
INSERT INTO logged_sets (id, created_at, updated_at, deleted_at, logged_exercise_id, reps, weight) VALUES(1192, '2025-12-11 20:22:15', '2025-12-11 20:22:15', NULL, 1109, 8, 80.0);
INSERT INTO logged_exercises (id, created_at, updated_at, deleted_at, workout_log_id, exercise_id, weight_setup) VALUES(1110, '2025-12-11 20:22:15', '2025-12-11 20:22:15', NULL, 1014, 3, '');
INSERT INTO logged_sets (id, created_at, updated_at, deleted_at, logged_exercise_id, reps, weight) VALUES(1193, '2025-12-11 20:22:15', '2025-12-11 20:22:15', NULL, 1110, 10, -100.0);
INSERT INTO logged_exercises (id, created_at, updated_at, deleted_at, workout_log_id, exercise_id, weight_setup) VALUES(1111, '2025-12-11 20:22:15', '2025-12-11 20:22:15', NULL, 1014, 4, '');
INSERT INTO logged_sets (id, created_at, updated_at, deleted_at, logged_exercise_id, reps, weight) VALUES(1194, '2025-12-11 20:22:15', '2025-12-11 20:22:15', NULL, 1111, 12, 10.0);
INSERT INTO logged_sets (id, created_at, updated_at, deleted_at, logged_exercise_id, reps, weight) VALUES(1195, '2025-12-11 20:22:15', '2025-12-11 20:22:15', NULL, 1111, 11, 10.0);
INSERT INTO logged_exercises (id, created_at, updated_at, deleted_at, workout_log_id, exercise_id, weight_setup) VALUES(1112, '2025-12-11 20:22:15', '2025-12-11 20:22:15', NULL, 1014, 5, '');
INSERT INTO logged_sets (id, created_at, updated_at, deleted_at, logged_exercise_id, reps, weight) VALUES(1196, '2025-12-11 20:22:15', '2025-12-11 20:22:15', NULL, 1112, 8, 80.0);
INSERT INTO logged_sets (id, created_at, updated_at, deleted_at, logged_exercise_id, reps, weight) VALUES(1197, '2025-12-11 20:22:15', '2025-12-11 20:22:15', NULL, 1112, 8, 80.0);
INSERT INTO logged_exercises (id, created_at, updated_at, deleted_at, workout_log_id, exercise_id, weight_setup) VALUES(1113, '2025-12-11 20:22:15', '2025-12-11 20:22:15', NULL, 1014, 10, '');
INSERT INTO logged_sets (id, created_at, updated_at, deleted_at, logged_exercise_id, reps, weight) VALUES(1198, '2025-12-11 20:22:15', '2025-12-11 20:22:15', NULL, 1113, 9, 25.0);
INSERT INTO logged_sets (id, created_at, updated_at, deleted_at, logged_exercise_id, reps, weight) VALUES(1199, '2025-12-11 20:22:15', '2025-12-11 20:22:15', NULL, 1113, 9, 25.0);
INSERT INTO logged_exercises (id, created_at, updated_at, deleted_at, workout_log_id, exercise_id, weight_setup) VALUES(1114, '2025-12-11 20:22:15', '2025-12-11 20:22:15', NULL, 1014, 12, '');
INSERT INTO logged_sets (id, created_at, updated_at, deleted_at, logged_exercise_id, reps, weight) VALUES(1200, '2025-12-11 20:22:15', '2025-12-11 20:22:15', NULL, 1114, 7, 100.0);
INSERT INTO logged_sets (id, created_at, updated_at, deleted_at, logged_exercise_id, reps, weight) VALUES(1201, '2025-12-11 20:22:15', '2025-12-11 20:22:15', NULL, 1114, 7, 100.0);
INSERT INTO logged_exercises (id, created_at, updated_at, deleted_at, workout_log_id, exercise_id, weight_setup) VALUES(1115, '2025-12-11 20:22:15', '2025-12-11 20:22:15', NULL, 1014, 11, '');
INSERT INTO logged_sets (id, created_at, updated_at, deleted_at, logged_exercise_id, reps, weight) VALUES(1202, '2025-12-11 20:22:15', '2025-12-11 20:22:15', NULL, 1115, 11, 40.0);
INSERT INTO logged_exercises (id, created_at, updated_at, deleted_at, workout_log_id, exercise_id, weight_setup) VALUES(1116, '2025-12-11 20:22:15', '2025-12-11 20:22:15', NULL, 1014, 13, '');
INSERT INTO logged_sets (id, created_at, updated_at, deleted_at, logged_exercise_id, reps, weight) VALUES(1203, '2025-12-11 20:22:15', '2025-12-11 20:22:15', NULL, 1116, 7, 30.0);
INSERT INTO logged_sets (id, created_at, updated_at, deleted_at, logged_exercise_id, reps, weight) VALUES(1204, '2025-12-11 20:22:15', '2025-12-11 20:22:15', NULL, 1116, 7, 30.0);
INSERT INTO logged_exercises (id, created_at, updated_at, deleted_at, workout_log_id, exercise_id, weight_setup) VALUES(1117, '2025-12-11 20:22:15', '2025-12-11 20:22:15', NULL, 1014, 14, '');
INSERT INTO logged_sets (id, created_at, updated_at, deleted_at, logged_exercise_id, reps, weight) VALUES(1205, '2025-12-11 20:22:15', '2025-12-11 20:22:15', NULL, 1117, 9, 80.0);
INSERT INTO logged_sets (id, created_at, updated_at, deleted_at, logged_exercise_id, reps, weight) VALUES(1206, '2025-12-11 20:22:15', '2025-12-11 20:22:15', NULL, 1117, 8, 80.0);
INSERT INTO logged_exercises (id, created_at, updated_at, deleted_at, workout_log_id, exercise_id, weight_setup) VALUES(1118, '2025-12-11 20:22:15', '2025-12-11 20:22:15', NULL, 1014, 15, '');
INSERT INTO logged_sets (id, created_at, updated_at, deleted_at, logged_exercise_id, reps, weight) VALUES(1207, '2025-12-11 20:22:15', '2025-12-11 20:22:15', NULL, 1118, 9, 20.0);
INSERT INTO logged_sets (id, created_at, updated_at, deleted_at, logged_exercise_id, reps, weight) VALUES(1208, '2025-12-11 20:22:15', '2025-12-11 20:22:15', NULL, 1118, 8, 20.0);
INSERT INTO logged_exercises (id, created_at, updated_at, deleted_at, workout_log_id, exercise_id, weight_setup) VALUES(1119, '2025-12-11 20:22:15', '2025-12-11 20:22:15', NULL, 1014, 16, '');
INSERT INTO logged_sets (id, created_at, updated_at, deleted_at, logged_exercise_id, reps, weight) VALUES(1209, '2025-12-11 20:22:15', '2025-12-11 20:22:15', NULL, 1119, 7, 22.5);
INSERT INTO logged_sets (id, created_at, updated_at, deleted_at, logged_exercise_id, reps, weight) VALUES(1210, '2025-12-11 20:22:15', '2025-12-11 20:22:15', NULL, 1119, 6, 22.5);
INSERT INTO workout_logs (id, created_at, updated_at, deleted_at, date, workout_plan_id) VALUES(1015, '2025-12-11 20:22:15', '2025-12-11 20:22:15', NULL, '2025-11-02 00:00:00', 5);
INSERT INTO logged_exercises (id, created_at, updated_at, deleted_at, workout_log_id, exercise_id, weight_setup) VALUES(1120, '2025-12-11 20:22:15', '2025-12-11 20:22:15', NULL, 1015, 24, '');
INSERT INTO logged_sets (id, created_at, updated_at, deleted_at, logged_exercise_id, reps, weight) VALUES(1211, '2025-12-11 20:22:15', '2025-12-11 20:22:15', NULL, 1120, 8, 90.0);
INSERT INTO logged_exercises (id, created_at, updated_at, deleted_at, workout_log_id, exercise_id, weight_setup) VALUES(1121, '2025-12-11 20:22:15', '2025-12-11 20:22:15', NULL, 1015, 25, '');
INSERT INTO logged_sets (id, created_at, updated_at, deleted_at, logged_exercise_id, reps, weight) VALUES(1212, '2025-12-11 20:22:15', '2025-12-11 20:22:15', NULL, 1121, 8, 80.0);
INSERT INTO logged_exercises (id, created_at, updated_at, deleted_at, workout_log_id, exercise_id, weight_setup) VALUES(1122, '2025-12-11 20:22:15', '2025-12-11 20:22:15', NULL, 1015, 20, '');
INSERT INTO logged_sets (id, created_at, updated_at, deleted_at, logged_exercise_id, reps, weight) VALUES(1213, '2025-12-11 20:22:15', '2025-12-11 20:22:15', NULL, 1122, 9, 80.0);
INSERT INTO logged_sets (id, created_at, updated_at, deleted_at, logged_exercise_id, reps, weight) VALUES(1214, '2025-12-11 20:22:15', '2025-12-11 20:22:15', NULL, 1122, 9, 80.0);
INSERT INTO logged_sets (id, created_at, updated_at, deleted_at, logged_exercise_id, reps, weight) VALUES(1215, '2025-12-11 20:22:15', '2025-12-11 20:22:15', NULL, 1122, 9, 80.0);
INSERT INTO logged_exercises (id, created_at, updated_at, deleted_at, workout_log_id, exercise_id, weight_setup) VALUES(1123, '2025-12-11 20:22:15', '2025-12-11 20:22:15', NULL, 1015, 21, '');
INSERT INTO logged_sets (id, created_at, updated_at, deleted_at, logged_exercise_id, reps, weight) VALUES(1216, '2025-12-11 20:22:15', '2025-12-11 20:22:15', NULL, 1123, 7, 80.0);
INSERT INTO logged_sets (id, created_at, updated_at, deleted_at, logged_exercise_id, reps, weight) VALUES(1217, '2025-12-11 20:22:15', '2025-12-11 20:22:15', NULL, 1123, 7, 80.0);
INSERT INTO logged_sets (id, created_at, updated_at, deleted_at, logged_exercise_id, reps, weight) VALUES(1218, '2025-12-11 20:22:15', '2025-12-11 20:22:15', NULL, 1123, 7, 80.0);
INSERT INTO logged_exercises (id, created_at, updated_at, deleted_at, workout_log_id, exercise_id, weight_setup) VALUES(1124, '2025-12-11 20:22:15', '2025-12-11 20:22:15', NULL, 1015, 7, '');
INSERT INTO logged_sets (id, created_at, updated_at, deleted_at, logged_exercise_id, reps, weight) VALUES(1219, '2025-12-11 20:22:15', '2025-12-11 20:22:15', NULL, 1124, 7, 35.0);
INSERT INTO logged_sets (id, created_at, updated_at, deleted_at, logged_exercise_id, reps, weight) VALUES(1220, '2025-12-11 20:22:15', '2025-12-11 20:22:15', NULL, 1124, 7, 35.0);
INSERT INTO logged_exercises (id, created_at, updated_at, deleted_at, workout_log_id, exercise_id, weight_setup) VALUES(1125, '2025-12-11 20:22:15', '2025-12-11 20:22:15', NULL, 1015, 6, '');
INSERT INTO logged_sets (id, created_at, updated_at, deleted_at, logged_exercise_id, reps, weight) VALUES(1221, '2025-12-11 20:22:15', '2025-12-11 20:22:15', NULL, 1125, 7, 35.0);
INSERT INTO logged_sets (id, created_at, updated_at, deleted_at, logged_exercise_id, reps, weight) VALUES(1222, '2025-12-11 20:22:15', '2025-12-11 20:22:15', NULL, 1125, 6, 35.0);
INSERT INTO logged_exercises (id, created_at, updated_at, deleted_at, workout_log_id, exercise_id, weight_setup) VALUES(1126, '2025-12-11 20:22:15', '2025-12-11 20:22:15', NULL, 1015, 23, '');
INSERT INTO logged_sets (id, created_at, updated_at, deleted_at, logged_exercise_id, reps, weight) VALUES(1223, '2025-12-11 20:22:15', '2025-12-11 20:22:15', NULL, 1126, 7, 25.0);
INSERT INTO logged_exercises (id, created_at, updated_at, deleted_at, workout_log_id, exercise_id, weight_setup) VALUES(1127, '2025-12-11 20:22:15', '2025-12-11 20:22:15', NULL, 1015, 19, '');
INSERT INTO logged_sets (id, created_at, updated_at, deleted_at, logged_exercise_id, reps, weight) VALUES(1224, '2025-12-11 20:22:15', '2025-12-11 20:22:15', NULL, 1127, 6, 180.0);
INSERT INTO logged_exercises (id, created_at, updated_at, deleted_at, workout_log_id, exercise_id, weight_setup) VALUES(1128, '2025-12-11 20:22:15', '2025-12-11 20:22:15', NULL, 1015, 17, '');
INSERT INTO logged_sets (id, created_at, updated_at, deleted_at, logged_exercise_id, reps, weight) VALUES(1225, '2025-12-11 20:22:15', '2025-12-11 20:22:15', NULL, 1128, 15, 90.0);
INSERT INTO logged_exercises (id, created_at, updated_at, deleted_at, workout_log_id, exercise_id, weight_setup) VALUES(1129, '2025-12-11 20:22:15', '2025-12-11 20:22:15', NULL, 1015, 18, '');
INSERT INTO logged_sets (id, created_at, updated_at, deleted_at, logged_exercise_id, reps, weight) VALUES(1226, '2025-12-11 20:22:15', '2025-12-11 20:22:15', NULL, 1129, 9, 110.0);
INSERT INTO logged_sets (id, created_at, updated_at, deleted_at, logged_exercise_id, reps, weight) VALUES(1227, '2025-12-11 20:22:15', '2025-12-11 20:22:15', NULL, 1129, 9, 110.0);
INSERT INTO workout_logs (id, created_at, updated_at, deleted_at, date, workout_plan_id) VALUES(1016, '2025-12-11 20:22:15', '2025-12-11 20:22:15', NULL, '2025-11-04 00:00:00', 1);
INSERT INTO logged_exercises (id, created_at, updated_at, deleted_at, workout_log_id, exercise_id, weight_setup) VALUES(1130, '2025-12-11 20:22:15', '2025-12-11 20:22:15', NULL, 1016, 1, '');
INSERT INTO logged_sets (id, created_at, updated_at, deleted_at, logged_exercise_id, reps, weight) VALUES(1228, '2025-12-11 20:22:15', '2025-12-11 20:22:15', NULL, 1130, 6, 45.0);
INSERT INTO logged_sets (id, created_at, updated_at, deleted_at, logged_exercise_id, reps, weight) VALUES(1229, '2025-12-11 20:22:15', '2025-12-11 20:22:15', NULL, 1130, 6, 45.0);
INSERT INTO logged_exercises (id, created_at, updated_at, deleted_at, workout_log_id, exercise_id, weight_setup) VALUES(1131, '2025-12-11 20:22:15', '2025-12-11 20:22:15', NULL, 1016, 2, '');
INSERT INTO logged_sets (id, created_at, updated_at, deleted_at, logged_exercise_id, reps, weight) VALUES(1230, '2025-12-11 20:22:15', '2025-12-11 20:22:15', NULL, 1131, 7, 80.0);
INSERT INTO logged_sets (id, created_at, updated_at, deleted_at, logged_exercise_id, reps, weight) VALUES(1231, '2025-12-11 20:22:15', '2025-12-11 20:22:15', NULL, 1131, 7, 80.0);
INSERT INTO logged_exercises (id, created_at, updated_at, deleted_at, workout_log_id, exercise_id, weight_setup) VALUES(1132, '2025-12-11 20:22:15', '2025-12-11 20:22:15', NULL, 1016, 4, '');
INSERT INTO logged_sets (id, created_at, updated_at, deleted_at, logged_exercise_id, reps, weight) VALUES(1232, '2025-12-11 20:22:15', '2025-12-11 20:22:15', NULL, 1132, 12, 10.0);
INSERT INTO logged_sets (id, created_at, updated_at, deleted_at, logged_exercise_id, reps, weight) VALUES(1233, '2025-12-11 20:22:15', '2025-12-11 20:22:15', NULL, 1132, 11, 10.0);
INSERT INTO logged_exercises (id, created_at, updated_at, deleted_at, workout_log_id, exercise_id, weight_setup) VALUES(1133, '2025-12-11 20:22:15', '2025-12-11 20:22:15', NULL, 1016, 5, '');
INSERT INTO logged_sets (id, created_at, updated_at, deleted_at, logged_exercise_id, reps, weight) VALUES(1234, '2025-12-11 20:22:15', '2025-12-11 20:22:15', NULL, 1133, 7, 80.0);
INSERT INTO logged_sets (id, created_at, updated_at, deleted_at, logged_exercise_id, reps, weight) VALUES(1235, '2025-12-11 20:22:15', '2025-12-11 20:22:15', NULL, 1133, 7, 80.0);
INSERT INTO logged_exercises (id, created_at, updated_at, deleted_at, workout_log_id, exercise_id, weight_setup) VALUES(1134, '2025-12-11 20:22:15', '2025-12-11 20:22:15', NULL, 1016, 13, '');
INSERT INTO logged_sets (id, created_at, updated_at, deleted_at, logged_exercise_id, reps, weight) VALUES(1236, '2025-12-11 20:22:15', '2025-12-11 20:22:15', NULL, 1134, 7, 30.0);
INSERT INTO logged_sets (id, created_at, updated_at, deleted_at, logged_exercise_id, reps, weight) VALUES(1237, '2025-12-11 20:22:15', '2025-12-11 20:22:15', NULL, 1134, 7, 30.0);
INSERT INTO logged_exercises (id, created_at, updated_at, deleted_at, workout_log_id, exercise_id, weight_setup) VALUES(1135, '2025-12-11 20:22:15', '2025-12-11 20:22:15', NULL, 1016, 14, '');
INSERT INTO logged_sets (id, created_at, updated_at, deleted_at, logged_exercise_id, reps, weight) VALUES(1238, '2025-12-11 20:22:15', '2025-12-11 20:22:15', NULL, 1135, 9, 80.0);
INSERT INTO workout_logs (id, created_at, updated_at, deleted_at, date, workout_plan_id) VALUES(1017, '2025-12-11 20:22:15', '2025-12-11 20:22:15', NULL, '2025-10-05 00:00:00', 2);
INSERT INTO logged_exercises (id, created_at, updated_at, deleted_at, workout_log_id, exercise_id, weight_setup) VALUES(1136, '2025-12-11 20:22:15', '2025-12-11 20:22:15', NULL, 1017, 10, '');
INSERT INTO logged_sets (id, created_at, updated_at, deleted_at, logged_exercise_id, reps, weight) VALUES(1239, '2025-12-11 20:22:15', '2025-12-11 20:22:15', NULL, 1136, 10, 25.0);
INSERT INTO logged_sets (id, created_at, updated_at, deleted_at, logged_exercise_id, reps, weight) VALUES(1240, '2025-12-11 20:22:15', '2025-12-11 20:22:15', NULL, 1136, 10, 25.0);
INSERT INTO logged_exercises (id, created_at, updated_at, deleted_at, workout_log_id, exercise_id, weight_setup) VALUES(1137, '2025-12-11 20:22:15', '2025-12-11 20:22:15', NULL, 1017, 12, '');
INSERT INTO logged_sets (id, created_at, updated_at, deleted_at, logged_exercise_id, reps, weight) VALUES(1241, '2025-12-11 20:22:15', '2025-12-11 20:22:15', NULL, 1137, 6, 100.0);
INSERT INTO logged_sets (id, created_at, updated_at, deleted_at, logged_exercise_id, reps, weight) VALUES(1242, '2025-12-11 20:22:15', '2025-12-11 20:22:15', NULL, 1137, 6, 100.0);
INSERT INTO logged_exercises (id, created_at, updated_at, deleted_at, workout_log_id, exercise_id, weight_setup) VALUES(1138, '2025-12-11 20:22:15', '2025-12-11 20:22:15', NULL, 1017, 15, '');
INSERT INTO logged_sets (id, created_at, updated_at, deleted_at, logged_exercise_id, reps, weight) VALUES(1243, '2025-12-11 20:22:15', '2025-12-11 20:22:15', NULL, 1138, 7, 22.5);
INSERT INTO logged_sets (id, created_at, updated_at, deleted_at, logged_exercise_id, reps, weight) VALUES(1244, '2025-12-11 20:22:15', '2025-12-11 20:22:15', NULL, 1138, 6, 22.5);
INSERT INTO logged_exercises (id, created_at, updated_at, deleted_at, workout_log_id, exercise_id, weight_setup) VALUES(1139, '2025-12-11 20:22:15', '2025-12-11 20:22:15', NULL, 1017, 16, '');
INSERT INTO logged_sets (id, created_at, updated_at, deleted_at, logged_exercise_id, reps, weight) VALUES(1245, '2025-12-11 20:22:15', '2025-12-11 20:22:15', NULL, 1139, 6, 22.5);
INSERT INTO logged_sets (id, created_at, updated_at, deleted_at, logged_exercise_id, reps, weight) VALUES(1246, '2025-12-11 20:22:15', '2025-12-11 20:22:15', NULL, 1139, 6, 22.5);
INSERT INTO workout_logs (id, created_at, updated_at, deleted_at, date, workout_plan_id) VALUES(1018, '2025-12-11 20:22:15', '2025-12-11 20:22:15', NULL, '2025-11-06 00:00:00', 3);
INSERT INTO logged_exercises (id, created_at, updated_at, deleted_at, workout_log_id, exercise_id, weight_setup) VALUES(1140, '2025-12-11 20:22:15', '2025-12-11 20:22:15', NULL, 1018, 24, '');
INSERT INTO logged_sets (id, created_at, updated_at, deleted_at, logged_exercise_id, reps, weight) VALUES(1247, '2025-12-11 20:22:15', '2025-12-11 20:22:15', NULL, 1140, 10, 145.0);
INSERT INTO logged_exercises (id, created_at, updated_at, deleted_at, workout_log_id, exercise_id, weight_setup) VALUES(1141, '2025-12-11 20:22:15', '2025-12-11 20:22:15', NULL, 1018, 25, '');
INSERT INTO logged_sets (id, created_at, updated_at, deleted_at, logged_exercise_id, reps, weight) VALUES(1248, '2025-12-11 20:22:15', '2025-12-11 20:22:15', NULL, 1141, 6, 160.0);
INSERT INTO logged_exercises (id, created_at, updated_at, deleted_at, workout_log_id, exercise_id, weight_setup) VALUES(1142, '2025-12-11 20:22:15', '2025-12-11 20:22:15', NULL, 1018, 20, '');
INSERT INTO logged_sets (id, created_at, updated_at, deleted_at, logged_exercise_id, reps, weight) VALUES(1249, '2025-12-11 20:22:15', '2025-12-11 20:22:15', NULL, 1142, 9, 80.0);
INSERT INTO logged_sets (id, created_at, updated_at, deleted_at, logged_exercise_id, reps, weight) VALUES(1250, '2025-12-11 20:22:15', '2025-12-11 20:22:15', NULL, 1142, 9, 80.0);
INSERT INTO logged_exercises (id, created_at, updated_at, deleted_at, workout_log_id, exercise_id, weight_setup) VALUES(1143, '2025-12-11 20:22:15', '2025-12-11 20:22:15', NULL, 1018, 21, '');
INSERT INTO logged_sets (id, created_at, updated_at, deleted_at, logged_exercise_id, reps, weight) VALUES(1251, '2025-12-11 20:22:15', '2025-12-11 20:22:15', NULL, 1143, 9, 80.0);
INSERT INTO logged_sets (id, created_at, updated_at, deleted_at, logged_exercise_id, reps, weight) VALUES(1252, '2025-12-11 20:22:15', '2025-12-11 20:22:15', NULL, 1143, 9, 80.0);
INSERT INTO logged_exercises (id, created_at, updated_at, deleted_at, workout_log_id, exercise_id, weight_setup) VALUES(1144, '2025-12-11 20:22:15', '2025-12-11 20:22:15', NULL, 1018, 7, '');
INSERT INTO logged_sets (id, created_at, updated_at, deleted_at, logged_exercise_id, reps, weight) VALUES(1253, '2025-12-11 20:22:15', '2025-12-11 20:22:15', NULL, 1144, 8, 35.0);
INSERT INTO logged_sets (id, created_at, updated_at, deleted_at, logged_exercise_id, reps, weight) VALUES(1254, '2025-12-11 20:22:15', '2025-12-11 20:22:15', NULL, 1144, 8, 35.0);
INSERT INTO logged_exercises (id, created_at, updated_at, deleted_at, workout_log_id, exercise_id, weight_setup) VALUES(1145, '2025-12-11 20:22:15', '2025-12-11 20:22:15', NULL, 1018, 6, '');
INSERT INTO logged_sets (id, created_at, updated_at, deleted_at, logged_exercise_id, reps, weight) VALUES(1255, '2025-12-11 20:22:15', '2025-12-11 20:22:15', NULL, 1145, 7, 40.0);
INSERT INTO logged_sets (id, created_at, updated_at, deleted_at, logged_exercise_id, reps, weight) VALUES(1256, '2025-12-11 20:22:15', '2025-12-11 20:22:15', NULL, 1145, 7, 40.0);
INSERT INTO workout_logs (id, created_at, updated_at, deleted_at, date, workout_plan_id) VALUES(1019, '2025-12-11 20:22:15', '2025-12-11 20:22:15', NULL, '2025-11-04 00:00:00', 1);
INSERT INTO logged_exercises (id, created_at, updated_at, deleted_at, workout_log_id, exercise_id, weight_setup) VALUES(1146, '2025-12-11 20:22:15', '2025-12-11 20:22:15', NULL, 1019, 1, '');
INSERT INTO logged_sets (id, created_at, updated_at, deleted_at, logged_exercise_id, reps, weight) VALUES(1257, '2025-12-11 20:22:15', '2025-12-11 20:22:15', NULL, 1146, 8, 45.0);
INSERT INTO logged_sets (id, created_at, updated_at, deleted_at, logged_exercise_id, reps, weight) VALUES(1258, '2025-12-11 20:22:15', '2025-12-11 20:22:15', NULL, 1146, 8, 45.0);
INSERT INTO logged_exercises (id, created_at, updated_at, deleted_at, workout_log_id, exercise_id, weight_setup) VALUES(1147, '2025-12-11 20:22:15', '2025-12-11 20:22:15', NULL, 1019, 2, '');
INSERT INTO logged_sets (id, created_at, updated_at, deleted_at, logged_exercise_id, reps, weight) VALUES(1259, '2025-12-11 20:22:15', '2025-12-11 20:22:15', NULL, 1147, 7, 85.0);
INSERT INTO logged_sets (id, created_at, updated_at, deleted_at, logged_exercise_id, reps, weight) VALUES(1260, '2025-12-11 20:22:15', '2025-12-11 20:22:15', NULL, 1147, 7, 85.0);
INSERT INTO logged_exercises (id, created_at, updated_at, deleted_at, workout_log_id, exercise_id, weight_setup) VALUES(1148, '2025-12-11 20:22:15', '2025-12-11 20:22:15', NULL, 1019, 4, '');
INSERT INTO logged_sets (id, created_at, updated_at, deleted_at, logged_exercise_id, reps, weight) VALUES(1261, '2025-12-11 20:22:15', '2025-12-11 20:22:15', NULL, 1148, 10, 5.0);
INSERT INTO logged_sets (id, created_at, updated_at, deleted_at, logged_exercise_id, reps, weight) VALUES(1262, '2025-12-11 20:22:15', '2025-12-11 20:22:15', NULL, 1148, 10, 5.0);
INSERT INTO logged_exercises (id, created_at, updated_at, deleted_at, workout_log_id, exercise_id, weight_setup) VALUES(1149, '2025-12-11 20:22:15', '2025-12-11 20:22:15', NULL, 1019, 5, '');
INSERT INTO logged_sets (id, created_at, updated_at, deleted_at, logged_exercise_id, reps, weight) VALUES(1263, '2025-12-11 20:22:15', '2025-12-11 20:22:15', NULL, 1149, 2, 50.0);
INSERT INTO logged_exercises (id, created_at, updated_at, deleted_at, workout_log_id, exercise_id, weight_setup) VALUES(1150, '2025-12-11 20:22:15', '2025-12-11 20:22:15', NULL, 1019, 14, '');
INSERT INTO logged_sets (id, created_at, updated_at, deleted_at, logged_exercise_id, reps, weight) VALUES(1264, '2025-12-11 20:22:15', '2025-12-11 20:22:15', NULL, 1150, 6, 40.0);
INSERT INTO logged_sets (id, created_at, updated_at, deleted_at, logged_exercise_id, reps, weight) VALUES(1265, '2025-12-11 20:22:15', '2025-12-11 20:22:15', NULL, 1150, 6, 40.0);
INSERT INTO workout_logs (id, created_at, updated_at, deleted_at, date, workout_plan_id) VALUES(1020, '2025-12-11 20:22:15', '2025-12-11 20:22:15', NULL, '2025-11-05 00:00:00', 2);
INSERT INTO logged_exercises (id, created_at, updated_at, deleted_at, workout_log_id, exercise_id, weight_setup) VALUES(1151, '2025-12-11 20:22:15', '2025-12-11 20:22:15', NULL, 1020, 10, '');
INSERT INTO logged_sets (id, created_at, updated_at, deleted_at, logged_exercise_id, reps, weight) VALUES(1266, '2025-12-11 20:22:15', '2025-12-11 20:22:15', NULL, 1151, 6, 25.0);
INSERT INTO logged_sets (id, created_at, updated_at, deleted_at, logged_exercise_id, reps, weight) VALUES(1267, '2025-12-11 20:22:15', '2025-12-11 20:22:15', NULL, 1151, 6, 25.0);
INSERT INTO logged_exercises (id, created_at, updated_at, deleted_at, workout_log_id, exercise_id, weight_setup) VALUES(1152, '2025-12-11 20:22:15', '2025-12-11 20:22:15', NULL, 1020, 12, '');
INSERT INTO logged_sets (id, created_at, updated_at, deleted_at, logged_exercise_id, reps, weight) VALUES(1268, '2025-12-11 20:22:15', '2025-12-11 20:22:15', NULL, 1152, 6, 100.0);
INSERT INTO logged_sets (id, created_at, updated_at, deleted_at, logged_exercise_id, reps, weight) VALUES(1269, '2025-12-11 20:22:15', '2025-12-11 20:22:15', NULL, 1152, 6, 100.0);
INSERT INTO logged_exercises (id, created_at, updated_at, deleted_at, workout_log_id, exercise_id, weight_setup) VALUES(1153, '2025-12-11 20:22:15', '2025-12-11 20:22:15', NULL, 1020, 9, '');
INSERT INTO logged_sets (id, created_at, updated_at, deleted_at, logged_exercise_id, reps, weight) VALUES(1270, '2025-12-11 20:22:15', '2025-12-11 20:22:15', NULL, 1153, 7, 70.0);
INSERT INTO logged_exercises (id, created_at, updated_at, deleted_at, workout_log_id, exercise_id, weight_setup) VALUES(1154, '2025-12-11 20:22:15', '2025-12-11 20:22:15', NULL, 1020, 15, '');
INSERT INTO logged_sets (id, created_at, updated_at, deleted_at, logged_exercise_id, reps, weight) VALUES(1271, '2025-12-11 20:22:15', '2025-12-11 20:22:15', NULL, 1154, 7, 22.5);
INSERT INTO logged_sets (id, created_at, updated_at, deleted_at, logged_exercise_id, reps, weight) VALUES(1272, '2025-12-11 20:22:15', '2025-12-11 20:22:15', NULL, 1154, 7, 22.5);
INSERT INTO logged_exercises (id, created_at, updated_at, deleted_at, workout_log_id, exercise_id, weight_setup) VALUES(1155, '2025-12-11 20:22:15', '2025-12-11 20:22:15', NULL, 1020, 16, '');
INSERT INTO logged_sets (id, created_at, updated_at, deleted_at, logged_exercise_id, reps, weight) VALUES(1273, '2025-12-11 20:22:15', '2025-12-11 20:22:15', NULL, 1155, 6, 22.5);
INSERT INTO logged_sets (id, created_at, updated_at, deleted_at, logged_exercise_id, reps, weight) VALUES(1274, '2025-12-11 20:22:15', '2025-12-11 20:22:15', NULL, 1155, 6, 22.5);
INSERT INTO workout_logs (id, created_at, updated_at, deleted_at, date, workout_plan_id) VALUES(1021, '2025-12-11 20:22:15', '2025-12-11 20:22:15', NULL, '2025-11-20 00:00:00', 3);
INSERT INTO logged_exercises (id, created_at, updated_at, deleted_at, workout_log_id, exercise_id, weight_setup) VALUES(1156, '2025-12-11 20:22:15', '2025-12-11 20:22:15', NULL, 1021, 24, '');
INSERT INTO logged_sets (id, created_at, updated_at, deleted_at, logged_exercise_id, reps, weight) VALUES(1275, '2025-12-11 20:22:15', '2025-12-11 20:22:15', NULL, 1156, 7, 145.0);
INSERT INTO logged_exercises (id, created_at, updated_at, deleted_at, workout_log_id, exercise_id, weight_setup) VALUES(1157, '2025-12-11 20:22:15', '2025-12-11 20:22:15', NULL, 1021, 25, '');
INSERT INTO logged_sets (id, created_at, updated_at, deleted_at, logged_exercise_id, reps, weight) VALUES(1276, '2025-12-11 20:22:15', '2025-12-11 20:22:15', NULL, 1157, 10, 160.0);
INSERT INTO logged_exercises (id, created_at, updated_at, deleted_at, workout_log_id, exercise_id, weight_setup) VALUES(1158, '2025-12-11 20:22:15', '2025-12-11 20:22:15', NULL, 1021, 20, '');
INSERT INTO logged_sets (id, created_at, updated_at, deleted_at, logged_exercise_id, reps, weight) VALUES(1277, '2025-12-11 20:22:15', '2025-12-11 20:22:15', NULL, 1158, 5, 85.0);
INSERT INTO logged_sets (id, created_at, updated_at, deleted_at, logged_exercise_id, reps, weight) VALUES(1278, '2025-12-11 20:22:15', '2025-12-11 20:22:15', NULL, 1158, 5, 85.0);
INSERT INTO logged_exercises (id, created_at, updated_at, deleted_at, workout_log_id, exercise_id, weight_setup) VALUES(1159, '2025-12-11 20:22:15', '2025-12-11 20:22:15', NULL, 1021, 21, '');
INSERT INTO logged_sets (id, created_at, updated_at, deleted_at, logged_exercise_id, reps, weight) VALUES(1279, '2025-12-11 20:22:15', '2025-12-11 20:22:15', NULL, 1159, 6, 85.0);
INSERT INTO logged_sets (id, created_at, updated_at, deleted_at, logged_exercise_id, reps, weight) VALUES(1280, '2025-12-11 20:22:15', '2025-12-11 20:22:15', NULL, 1159, 6, 85.0);
INSERT INTO logged_exercises (id, created_at, updated_at, deleted_at, workout_log_id, exercise_id, weight_setup) VALUES(1160, '2025-12-11 20:22:15', '2025-12-11 20:22:15', NULL, 1021, 7, '');
INSERT INTO logged_sets (id, created_at, updated_at, deleted_at, logged_exercise_id, reps, weight) VALUES(1281, '2025-12-11 20:22:15', '2025-12-11 20:22:15', NULL, 1160, 7, 40.0);
INSERT INTO logged_sets (id, created_at, updated_at, deleted_at, logged_exercise_id, reps, weight) VALUES(1282, '2025-12-11 20:22:15', '2025-12-11 20:22:15', NULL, 1160, 7, 40.0);
INSERT INTO logged_exercises (id, created_at, updated_at, deleted_at, workout_log_id, exercise_id, weight_setup) VALUES(1161, '2025-12-11 20:22:15', '2025-12-11 20:22:15', NULL, 1021, 6, '');
INSERT INTO logged_sets (id, created_at, updated_at, deleted_at, logged_exercise_id, reps, weight) VALUES(1283, '2025-12-11 20:22:15', '2025-12-11 20:22:15', NULL, 1161, 7, 40.0);
INSERT INTO logged_sets (id, created_at, updated_at, deleted_at, logged_exercise_id, reps, weight) VALUES(1284, '2025-12-11 20:22:15', '2025-12-11 20:22:15', NULL, 1161, 6, 40.0);
INSERT INTO logged_exercises (id, created_at, updated_at, deleted_at, workout_log_id, exercise_id, weight_setup) VALUES(1162, '2025-12-11 20:22:15', '2025-12-11 20:22:15', NULL, 1021, 17, '');
INSERT INTO logged_sets (id, created_at, updated_at, deleted_at, logged_exercise_id, reps, weight) VALUES(1285, '2025-12-11 20:22:15', '2025-12-11 20:22:15', NULL, 1162, 12, 130.0);
INSERT INTO workout_logs (id, created_at, updated_at, deleted_at, date, workout_plan_id) VALUES(1022, '2025-12-11 20:22:15', '2025-12-11 20:22:15', NULL, '2025-11-22 00:00:00', 4);
INSERT INTO logged_exercises (id, created_at, updated_at, deleted_at, workout_log_id, exercise_id, weight_setup) VALUES(1163, '2025-12-11 20:22:15', '2025-12-11 20:22:15', NULL, 1022, 1, '');
INSERT INTO logged_sets (id, created_at, updated_at, deleted_at, logged_exercise_id, reps, weight) VALUES(1286, '2025-12-11 20:22:15', '2025-12-11 20:22:15', NULL, 1163, 9, 45.0);
INSERT INTO logged_sets (id, created_at, updated_at, deleted_at, logged_exercise_id, reps, weight) VALUES(1287, '2025-12-11 20:22:15', '2025-12-11 20:22:15', NULL, 1163, 8, 45.0);
INSERT INTO logged_exercises (id, created_at, updated_at, deleted_at, workout_log_id, exercise_id, weight_setup) VALUES(1164, '2025-12-11 20:22:15', '2025-12-11 20:22:15', NULL, 1022, 2, '');
INSERT INTO logged_sets (id, created_at, updated_at, deleted_at, logged_exercise_id, reps, weight) VALUES(1288, '2025-12-11 20:22:15', '2025-12-11 20:22:15', NULL, 1164, 9, 85.0);
INSERT INTO logged_sets (id, created_at, updated_at, deleted_at, logged_exercise_id, reps, weight) VALUES(1289, '2025-12-11 20:22:15', '2025-12-11 20:22:15', NULL, 1164, 8, 85.0);
INSERT INTO logged_exercises (id, created_at, updated_at, deleted_at, workout_log_id, exercise_id, weight_setup) VALUES(1165, '2025-12-11 20:22:15', '2025-12-11 20:22:15', NULL, 1022, 3, '');
INSERT INTO logged_sets (id, created_at, updated_at, deleted_at, logged_exercise_id, reps, weight) VALUES(1290, '2025-12-11 20:22:15', '2025-12-11 20:22:15', NULL, 1165, 7, -55.0);
INSERT INTO logged_exercises (id, created_at, updated_at, deleted_at, workout_log_id, exercise_id, weight_setup) VALUES(1166, '2025-12-11 20:22:15', '2025-12-11 20:22:15', NULL, 1022, 4, '');
INSERT INTO logged_sets (id, created_at, updated_at, deleted_at, logged_exercise_id, reps, weight) VALUES(1291, '2025-12-11 20:22:15', '2025-12-11 20:22:15', NULL, 1166, 9, 50.0);
INSERT INTO logged_sets (id, created_at, updated_at, deleted_at, logged_exercise_id, reps, weight) VALUES(1292, '2025-12-11 20:22:15', '2025-12-11 20:22:15', NULL, 1166, 8, 50.0);
INSERT INTO logged_exercises (id, created_at, updated_at, deleted_at, workout_log_id, exercise_id, weight_setup) VALUES(1167, '2025-12-11 20:22:15', '2025-12-11 20:22:15', NULL, 1022, 5, '');
INSERT INTO logged_sets (id, created_at, updated_at, deleted_at, logged_exercise_id, reps, weight) VALUES(1293, '2025-12-11 20:22:15', '2025-12-11 20:22:15', NULL, 1167, 9, 50.0);
INSERT INTO logged_sets (id, created_at, updated_at, deleted_at, logged_exercise_id, reps, weight) VALUES(1294, '2025-12-11 20:22:15', '2025-12-11 20:22:15', NULL, 1167, 6, 55.0);
INSERT INTO logged_exercises (id, created_at, updated_at, deleted_at, workout_log_id, exercise_id, weight_setup) VALUES(1168, '2025-12-11 20:22:15', '2025-12-11 20:22:15', NULL, 1022, 10, '');
INSERT INTO logged_sets (id, created_at, updated_at, deleted_at, logged_exercise_id, reps, weight) VALUES(1295, '2025-12-11 20:22:15', '2025-12-11 20:22:15', NULL, 1168, 6, 25.0);
INSERT INTO logged_sets (id, created_at, updated_at, deleted_at, logged_exercise_id, reps, weight) VALUES(1296, '2025-12-11 20:22:15', '2025-12-11 20:22:15', NULL, 1168, 6, 25.0);
INSERT INTO logged_exercises (id, created_at, updated_at, deleted_at, workout_log_id, exercise_id, weight_setup) VALUES(1169, '2025-12-11 20:22:15', '2025-12-11 20:22:15', NULL, 1022, 12, '');
INSERT INTO logged_sets (id, created_at, updated_at, deleted_at, logged_exercise_id, reps, weight) VALUES(1297, '2025-12-11 20:22:15', '2025-12-11 20:22:15', NULL, 1169, 7, 100.0);
INSERT INTO logged_sets (id, created_at, updated_at, deleted_at, logged_exercise_id, reps, weight) VALUES(1298, '2025-12-11 20:22:15', '2025-12-11 20:22:15', NULL, 1169, 7, 100.0);
INSERT INTO logged_exercises (id, created_at, updated_at, deleted_at, workout_log_id, exercise_id, weight_setup) VALUES(1170, '2025-12-11 20:22:15', '2025-12-11 20:22:15', NULL, 1022, 13, '');
INSERT INTO logged_sets (id, created_at, updated_at, deleted_at, logged_exercise_id, reps, weight) VALUES(1299, '2025-12-11 20:22:15', '2025-12-11 20:22:15', NULL, 1170, 6, 25.0);
INSERT INTO logged_sets (id, created_at, updated_at, deleted_at, logged_exercise_id, reps, weight) VALUES(1300, '2025-12-11 20:22:15', '2025-12-11 20:22:15', NULL, 1170, 5, 25.0);
INSERT INTO logged_exercises (id, created_at, updated_at, deleted_at, workout_log_id, exercise_id, weight_setup) VALUES(1171, '2025-12-11 20:22:15', '2025-12-11 20:22:15', NULL, 1022, 14, '');
INSERT INTO logged_sets (id, created_at, updated_at, deleted_at, logged_exercise_id, reps, weight) VALUES(1301, '2025-12-11 20:22:15', '2025-12-11 20:22:15', NULL, 1171, 9, 40.0);
INSERT INTO logged_sets (id, created_at, updated_at, deleted_at, logged_exercise_id, reps, weight) VALUES(1302, '2025-12-11 20:22:15', '2025-12-11 20:22:15', NULL, 1171, 9, 40.0);
INSERT INTO logged_exercises (id, created_at, updated_at, deleted_at, workout_log_id, exercise_id, weight_setup) VALUES(1172, '2025-12-11 20:22:15', '2025-12-11 20:22:15', NULL, 1022, 16, '');
INSERT INTO logged_sets (id, created_at, updated_at, deleted_at, logged_exercise_id, reps, weight) VALUES(1303, '2025-12-11 20:22:15', '2025-12-11 20:22:15', NULL, 1172, 8, 22.5);
INSERT INTO logged_sets (id, created_at, updated_at, deleted_at, logged_exercise_id, reps, weight) VALUES(1304, '2025-12-11 20:22:15', '2025-12-11 20:22:15', NULL, 1172, 7, 22.5);
INSERT INTO workout_logs (id, created_at, updated_at, deleted_at, date, workout_plan_id) VALUES(1023, '2025-12-11 20:22:15', '2025-12-11 20:22:15', NULL, '2025-11-23 00:00:00', 5);
INSERT INTO logged_exercises (id, created_at, updated_at, deleted_at, workout_log_id, exercise_id, weight_setup) VALUES(1173, '2025-12-11 20:22:15', '2025-12-11 20:22:15', NULL, 1023, 24, '');
INSERT INTO logged_sets (id, created_at, updated_at, deleted_at, logged_exercise_id, reps, weight) VALUES(1305, '2025-12-11 20:22:15', '2025-12-11 20:22:15', NULL, 1173, 10, 145.0);
INSERT INTO logged_exercises (id, created_at, updated_at, deleted_at, workout_log_id, exercise_id, weight_setup) VALUES(1174, '2025-12-11 20:22:15', '2025-12-11 20:22:15', NULL, 1023, 25, '');
INSERT INTO logged_sets (id, created_at, updated_at, deleted_at, logged_exercise_id, reps, weight) VALUES(1306, '2025-12-11 20:22:15', '2025-12-11 20:22:15', NULL, 1174, 6, 175.0);
INSERT INTO logged_exercises (id, created_at, updated_at, deleted_at, workout_log_id, exercise_id, weight_setup) VALUES(1175, '2025-12-11 20:22:15', '2025-12-11 20:22:15', NULL, 1023, 20, '');
INSERT INTO logged_sets (id, created_at, updated_at, deleted_at, logged_exercise_id, reps, weight) VALUES(1307, '2025-12-11 20:22:15', '2025-12-11 20:22:15', NULL, 1175, 8, 85.0);
INSERT INTO logged_sets (id, created_at, updated_at, deleted_at, logged_exercise_id, reps, weight) VALUES(1308, '2025-12-11 20:22:15', '2025-12-11 20:22:15', NULL, 1175, 7, 85.0);
INSERT INTO logged_exercises (id, created_at, updated_at, deleted_at, workout_log_id, exercise_id, weight_setup) VALUES(1176, '2025-12-11 20:22:15', '2025-12-11 20:22:15', NULL, 1023, 21, '');
INSERT INTO logged_sets (id, created_at, updated_at, deleted_at, logged_exercise_id, reps, weight) VALUES(1309, '2025-12-11 20:22:15', '2025-12-11 20:22:15', NULL, 1176, 7, 85.0);
INSERT INTO logged_sets (id, created_at, updated_at, deleted_at, logged_exercise_id, reps, weight) VALUES(1310, '2025-12-11 20:22:15', '2025-12-11 20:22:15', NULL, 1176, 7, 85.0);
INSERT INTO logged_exercises (id, created_at, updated_at, deleted_at, workout_log_id, exercise_id, weight_setup) VALUES(1177, '2025-12-11 20:22:15', '2025-12-11 20:22:15', NULL, 1023, 7, '');
INSERT INTO logged_sets (id, created_at, updated_at, deleted_at, logged_exercise_id, reps, weight) VALUES(1311, '2025-12-11 20:22:15', '2025-12-11 20:22:15', NULL, 1177, 6, 40.0);
INSERT INTO logged_sets (id, created_at, updated_at, deleted_at, logged_exercise_id, reps, weight) VALUES(1312, '2025-12-11 20:22:15', '2025-12-11 20:22:15', NULL, 1177, 6, 40.0);
INSERT INTO logged_exercises (id, created_at, updated_at, deleted_at, workout_log_id, exercise_id, weight_setup) VALUES(1178, '2025-12-11 20:22:15', '2025-12-11 20:22:15', NULL, 1023, 6, '');
INSERT INTO logged_sets (id, created_at, updated_at, deleted_at, logged_exercise_id, reps, weight) VALUES(1313, '2025-12-11 20:22:15', '2025-12-11 20:22:15', NULL, 1178, 7, 40.0);
INSERT INTO logged_sets (id, created_at, updated_at, deleted_at, logged_exercise_id, reps, weight) VALUES(1314, '2025-12-11 20:22:15', '2025-12-11 20:22:15', NULL, 1178, 7, 40.0);
INSERT INTO logged_exercises (id, created_at, updated_at, deleted_at, workout_log_id, exercise_id, weight_setup) VALUES(1179, '2025-12-11 20:22:15', '2025-12-11 20:22:15', NULL, 1023, 19, '');
INSERT INTO logged_sets (id, created_at, updated_at, deleted_at, logged_exercise_id, reps, weight) VALUES(1315, '2025-12-11 20:22:15', '2025-12-11 20:22:15', NULL, 1179, 7, 180.0);
INSERT INTO workout_logs (id, created_at, updated_at, deleted_at, date, workout_plan_id) VALUES(1024, '2025-12-11 20:22:15', '2025-12-11 20:22:15', NULL, '2025-11-05 00:00:00', 2);
INSERT INTO logged_exercises (id, created_at, updated_at, deleted_at, workout_log_id, exercise_id, weight_setup) VALUES(1180, '2025-12-11 20:22:15', '2025-12-11 20:22:15', NULL, 1024, 10, '');
INSERT INTO logged_sets (id, created_at, updated_at, deleted_at, logged_exercise_id, reps, weight) VALUES(1316, '2025-12-11 20:22:15', '2025-12-11 20:22:15', NULL, 1180, 9, 25.0);
INSERT INTO logged_sets (id, created_at, updated_at, deleted_at, logged_exercise_id, reps, weight) VALUES(1317, '2025-12-11 20:22:15', '2025-12-11 20:22:15', NULL, 1180, 6, 30.0);
INSERT INTO logged_exercises (id, created_at, updated_at, deleted_at, workout_log_id, exercise_id, weight_setup) VALUES(1181, '2025-12-11 20:22:15', '2025-12-11 20:22:15', NULL, 1024, 12, '');
INSERT INTO logged_sets (id, created_at, updated_at, deleted_at, logged_exercise_id, reps, weight) VALUES(1318, '2025-12-11 20:22:15', '2025-12-11 20:22:15', NULL, 1181, 8, 100.0);
INSERT INTO logged_sets (id, created_at, updated_at, deleted_at, logged_exercise_id, reps, weight) VALUES(1319, '2025-12-11 20:22:15', '2025-12-11 20:22:15', NULL, 1181, 7, 100.0);
INSERT INTO logged_exercises (id, created_at, updated_at, deleted_at, workout_log_id, exercise_id, weight_setup) VALUES(1182, '2025-12-11 20:22:15', '2025-12-11 20:22:15', NULL, 1024, 9, '');
INSERT INTO logged_sets (id, created_at, updated_at, deleted_at, logged_exercise_id, reps, weight) VALUES(1320, '2025-12-11 20:22:15', '2025-12-11 20:22:15', NULL, 1182, 11, 70.0);
INSERT INTO logged_exercises (id, created_at, updated_at, deleted_at, workout_log_id, exercise_id, weight_setup) VALUES(1183, '2025-12-11 20:22:15', '2025-12-11 20:22:15', NULL, 1024, 15, '');
INSERT INTO logged_sets (id, created_at, updated_at, deleted_at, logged_exercise_id, reps, weight) VALUES(1321, '2025-12-11 20:22:15', '2025-12-11 20:22:15', NULL, 1183, 10, 22.5);
INSERT INTO logged_sets (id, created_at, updated_at, deleted_at, logged_exercise_id, reps, weight) VALUES(1322, '2025-12-11 20:22:15', '2025-12-11 20:22:15', NULL, 1183, 8, 22.5);
INSERT INTO logged_exercises (id, created_at, updated_at, deleted_at, workout_log_id, exercise_id, weight_setup) VALUES(1184, '2025-12-11 20:22:15', '2025-12-11 20:22:15', NULL, 1024, 16, '');
INSERT INTO logged_sets (id, created_at, updated_at, deleted_at, logged_exercise_id, reps, weight) VALUES(1323, '2025-12-11 20:22:15', '2025-12-11 20:22:15', NULL, 1184, 6, 22.5);
INSERT INTO logged_sets (id, created_at, updated_at, deleted_at, logged_exercise_id, reps, weight) VALUES(1324, '2025-12-11 20:22:15', '2025-12-11 20:22:15', NULL, 1184, 6, 22.5);
INSERT INTO workout_logs (id, created_at, updated_at, deleted_at, date, workout_plan_id) VALUES(1025, '2025-12-11 20:22:15', '2025-12-11 20:22:15', NULL, '2025-11-26 00:00:00', 1);
INSERT INTO logged_exercises (id, created_at, updated_at, deleted_at, workout_log_id, exercise_id, weight_setup) VALUES(1185, '2025-12-11 20:22:15', '2025-12-11 20:22:15', NULL, 1025, 1, '');
INSERT INTO logged_sets (id, created_at, updated_at, deleted_at, logged_exercise_id, reps, weight) VALUES(1325, '2025-12-11 20:22:15', '2025-12-11 20:22:15', NULL, 1185, 6, 50.0);
INSERT INTO logged_sets (id, created_at, updated_at, deleted_at, logged_exercise_id, reps, weight) VALUES(1326, '2025-12-11 20:22:15', '2025-12-11 20:22:15', NULL, 1185, 6, 50.0);
INSERT INTO logged_exercises (id, created_at, updated_at, deleted_at, workout_log_id, exercise_id, weight_setup) VALUES(1186, '2025-12-11 20:22:15', '2025-12-11 20:22:15', NULL, 1025, 2, '');
INSERT INTO logged_sets (id, created_at, updated_at, deleted_at, logged_exercise_id, reps, weight) VALUES(1327, '2025-12-11 20:22:15', '2025-12-11 20:22:15', NULL, 1186, 7, 90.0);
INSERT INTO logged_sets (id, created_at, updated_at, deleted_at, logged_exercise_id, reps, weight) VALUES(1328, '2025-12-11 20:22:15', '2025-12-11 20:22:15', NULL, 1186, 7, 90.0);
INSERT INTO logged_exercises (id, created_at, updated_at, deleted_at, workout_log_id, exercise_id, weight_setup) VALUES(1187, '2025-12-11 20:22:15', '2025-12-11 20:22:15', NULL, 1025, 3, '');
INSERT INTO logged_sets (id, created_at, updated_at, deleted_at, logged_exercise_id, reps, weight) VALUES(1329, '2025-12-11 20:22:15', '2025-12-11 20:22:15', NULL, 1187, 10, -55.0);
INSERT INTO logged_exercises (id, created_at, updated_at, deleted_at, workout_log_id, exercise_id, weight_setup) VALUES(1188, '2025-12-11 20:22:15', '2025-12-11 20:22:15', NULL, 1025, 4, '');
INSERT INTO logged_sets (id, created_at, updated_at, deleted_at, logged_exercise_id, reps, weight) VALUES(1330, '2025-12-11 20:22:15', '2025-12-11 20:22:15', NULL, 1188, 13, 5.0);
INSERT INTO logged_sets (id, created_at, updated_at, deleted_at, logged_exercise_id, reps, weight) VALUES(1331, '2025-12-11 20:22:15', '2025-12-11 20:22:15', NULL, 1188, 13, 5.0);
INSERT INTO logged_exercises (id, created_at, updated_at, deleted_at, workout_log_id, exercise_id, weight_setup) VALUES(1189, '2025-12-11 20:22:15', '2025-12-11 20:22:15', NULL, 1025, 5, '');
INSERT INTO logged_sets (id, created_at, updated_at, deleted_at, logged_exercise_id, reps, weight) VALUES(1332, '2025-12-11 20:22:15', '2025-12-11 20:22:15', NULL, 1189, 9, 55.0);
INSERT INTO logged_sets (id, created_at, updated_at, deleted_at, logged_exercise_id, reps, weight) VALUES(1333, '2025-12-11 20:22:15', '2025-12-11 20:22:15', NULL, 1189, 6, 60.0);
INSERT INTO logged_exercises (id, created_at, updated_at, deleted_at, workout_log_id, exercise_id, weight_setup) VALUES(1190, '2025-12-11 20:22:15', '2025-12-11 20:22:15', NULL, 1025, 14, '');
INSERT INTO logged_sets (id, created_at, updated_at, deleted_at, logged_exercise_id, reps, weight) VALUES(1334, '2025-12-11 20:22:15', '2025-12-11 20:22:15', NULL, 1190, 8, 40.0);
INSERT INTO workout_logs (id, created_at, updated_at, deleted_at, date, workout_plan_id) VALUES(1026, '2025-12-11 20:22:15', '2025-12-11 20:22:15', NULL, '2025-11-23 00:00:00', 3);
INSERT INTO logged_exercises (id, created_at, updated_at, deleted_at, workout_log_id, exercise_id, weight_setup) VALUES(1191, '2025-12-11 20:22:15', '2025-12-11 20:22:15', NULL, 1026, 24, '');
INSERT INTO logged_sets (id, created_at, updated_at, deleted_at, logged_exercise_id, reps, weight) VALUES(1335, '2025-12-11 20:22:15', '2025-12-11 20:22:15', NULL, 1191, 9, 150.0);
INSERT INTO logged_exercises (id, created_at, updated_at, deleted_at, workout_log_id, exercise_id, weight_setup) VALUES(1192, '2025-12-11 20:22:15', '2025-12-11 20:22:15', NULL, 1026, 25, '');
INSERT INTO logged_sets (id, created_at, updated_at, deleted_at, logged_exercise_id, reps, weight) VALUES(1336, '2025-12-11 20:22:15', '2025-12-11 20:22:15', NULL, 1192, 13, 175.0);
INSERT INTO logged_exercises (id, created_at, updated_at, deleted_at, workout_log_id, exercise_id, weight_setup) VALUES(1193, '2025-12-11 20:22:15', '2025-12-11 20:22:15', NULL, 1026, 20, '');
INSERT INTO logged_sets (id, created_at, updated_at, deleted_at, logged_exercise_id, reps, weight) VALUES(1337, '2025-12-11 20:22:15', '2025-12-11 20:22:15', NULL, 1193, 8, 85.0);
INSERT INTO logged_sets (id, created_at, updated_at, deleted_at, logged_exercise_id, reps, weight) VALUES(1338, '2025-12-11 20:22:15', '2025-12-11 20:22:15', NULL, 1193, 8, 85.0);
INSERT INTO logged_exercises (id, created_at, updated_at, deleted_at, workout_log_id, exercise_id, weight_setup) VALUES(1194, '2025-12-11 20:22:15', '2025-12-11 20:22:15', NULL, 1026, 21, '');
INSERT INTO logged_sets (id, created_at, updated_at, deleted_at, logged_exercise_id, reps, weight) VALUES(1339, '2025-12-11 20:22:15', '2025-12-11 20:22:15', NULL, 1194, 9, 85.0);
INSERT INTO logged_sets (id, created_at, updated_at, deleted_at, logged_exercise_id, reps, weight) VALUES(1340, '2025-12-11 20:22:15', '2025-12-11 20:22:15', NULL, 1194, 9, 85.0);
INSERT INTO logged_exercises (id, created_at, updated_at, deleted_at, workout_log_id, exercise_id, weight_setup) VALUES(1195, '2025-12-11 20:22:15', '2025-12-11 20:22:15', NULL, 1026, 7, '');
INSERT INTO logged_sets (id, created_at, updated_at, deleted_at, logged_exercise_id, reps, weight) VALUES(1341, '2025-12-11 20:22:15', '2025-12-11 20:22:15', NULL, 1195, 9, 40.0);
INSERT INTO logged_sets (id, created_at, updated_at, deleted_at, logged_exercise_id, reps, weight) VALUES(1342, '2025-12-11 20:22:15', '2025-12-11 20:22:15', NULL, 1195, 6, 45.0);
INSERT INTO logged_exercises (id, created_at, updated_at, deleted_at, workout_log_id, exercise_id, weight_setup) VALUES(1196, '2025-12-11 20:22:15', '2025-12-11 20:22:15', NULL, 1026, 6, '');
INSERT INTO logged_sets (id, created_at, updated_at, deleted_at, logged_exercise_id, reps, weight) VALUES(1343, '2025-12-11 20:22:15', '2025-12-11 20:22:15', NULL, 1196, 9, 40.0);
INSERT INTO logged_sets (id, created_at, updated_at, deleted_at, logged_exercise_id, reps, weight) VALUES(1344, '2025-12-11 20:22:15', '2025-12-11 20:22:15', NULL, 1196, 9, 45.0);
INSERT INTO workout_logs (id, created_at, updated_at, deleted_at, date, workout_plan_id) VALUES(1027, '2025-12-11 20:22:15', '2025-12-11 20:22:15', NULL, '2025-12-02 00:00:00', 1);
INSERT INTO logged_exercises (id, created_at, updated_at, deleted_at, workout_log_id, exercise_id, weight_setup) VALUES(1197, '2025-12-11 20:22:15', '2025-12-11 20:22:15', NULL, 1027, 1, '');
INSERT INTO logged_sets (id, created_at, updated_at, deleted_at, logged_exercise_id, reps, weight) VALUES(1345, '2025-12-11 20:22:15', '2025-12-11 20:22:15', NULL, 1197, 7, 50.0);
INSERT INTO logged_sets (id, created_at, updated_at, deleted_at, logged_exercise_id, reps, weight) VALUES(1346, '2025-12-11 20:22:15', '2025-12-11 20:22:15', NULL, 1197, 6, 50.0);
INSERT INTO logged_exercises (id, created_at, updated_at, deleted_at, workout_log_id, exercise_id, weight_setup) VALUES(1198, '2025-12-11 20:22:15', '2025-12-11 20:22:15', NULL, 1027, 2, '');
INSERT INTO logged_sets (id, created_at, updated_at, deleted_at, logged_exercise_id, reps, weight) VALUES(1347, '2025-12-11 20:22:15', '2025-12-11 20:22:15', NULL, 1198, 8, 90.0);
INSERT INTO logged_sets (id, created_at, updated_at, deleted_at, logged_exercise_id, reps, weight) VALUES(1348, '2025-12-11 20:22:15', '2025-12-11 20:22:15', NULL, 1198, 8, 90.0);
INSERT INTO logged_exercises (id, created_at, updated_at, deleted_at, workout_log_id, exercise_id, weight_setup) VALUES(1199, '2025-12-11 20:22:15', '2025-12-11 20:22:15', NULL, 1027, 4, '');
INSERT INTO logged_sets (id, created_at, updated_at, deleted_at, logged_exercise_id, reps, weight) VALUES(1349, '2025-12-11 20:22:15', '2025-12-11 20:22:15', NULL, 1199, 8, 50.0);
INSERT INTO logged_sets (id, created_at, updated_at, deleted_at, logged_exercise_id, reps, weight) VALUES(1350, '2025-12-11 20:22:15', '2025-12-11 20:22:15', NULL, 1199, 8, 50.0);
INSERT INTO logged_exercises (id, created_at, updated_at, deleted_at, workout_log_id, exercise_id, weight_setup) VALUES(1200, '2025-12-11 20:22:15', '2025-12-11 20:22:15', NULL, 1027, 5, '');
INSERT INTO logged_sets (id, created_at, updated_at, deleted_at, logged_exercise_id, reps, weight) VALUES(1351, '2025-12-11 20:22:15', '2025-12-11 20:22:15', NULL, 1200, 7, 60.0);
INSERT INTO logged_sets (id, created_at, updated_at, deleted_at, logged_exercise_id, reps, weight) VALUES(1352, '2025-12-11 20:22:15', '2025-12-11 20:22:15', NULL, 1200, 7, 60.0);
INSERT INTO logged_exercises (id, created_at, updated_at, deleted_at, workout_log_id, exercise_id, weight_setup) VALUES(1201, '2025-12-11 20:22:15', '2025-12-11 20:22:15', NULL, 1027, 14, '');
INSERT INTO logged_sets (id, created_at, updated_at, deleted_at, logged_exercise_id, reps, weight) VALUES(1353, '2025-12-11 20:22:15', '2025-12-11 20:22:15', NULL, 1201, 8, 15.0);
INSERT INTO workout_logs (id, created_at, updated_at, deleted_at, date, workout_plan_id) VALUES(1028, '2025-12-11 20:22:15', '2025-12-11 20:22:15', NULL, '2025-12-03 00:00:00', 2);
INSERT INTO logged_exercises (id, created_at, updated_at, deleted_at, workout_log_id, exercise_id, weight_setup) VALUES(1202, '2025-12-11 20:22:15', '2025-12-11 20:22:15', NULL, 1028, 10, '');
INSERT INTO logged_sets (id, created_at, updated_at, deleted_at, logged_exercise_id, reps, weight) VALUES(1354, '2025-12-11 20:22:15', '2025-12-11 20:22:15', NULL, 1202, 8, 30.0);
INSERT INTO logged_sets (id, created_at, updated_at, deleted_at, logged_exercise_id, reps, weight) VALUES(1355, '2025-12-11 20:22:15', '2025-12-11 20:22:15', NULL, 1202, 7, 30.0);
INSERT INTO logged_exercises (id, created_at, updated_at, deleted_at, workout_log_id, exercise_id, weight_setup) VALUES(1203, '2025-12-11 20:22:15', '2025-12-11 20:22:15', NULL, 1028, 12, '');
INSERT INTO logged_sets (id, created_at, updated_at, deleted_at, logged_exercise_id, reps, weight) VALUES(1356, '2025-12-11 20:22:15', '2025-12-11 20:22:15', NULL, 1203, 9, 100.0);
INSERT INTO logged_sets (id, created_at, updated_at, deleted_at, logged_exercise_id, reps, weight) VALUES(1357, '2025-12-11 20:22:15', '2025-12-11 20:22:15', NULL, 1203, 8, 100.0);
INSERT INTO logged_exercises (id, created_at, updated_at, deleted_at, workout_log_id, exercise_id, weight_setup) VALUES(1204, '2025-12-11 20:22:15', '2025-12-11 20:22:15', NULL, 1028, 9, '');
INSERT INTO logged_sets (id, created_at, updated_at, deleted_at, logged_exercise_id, reps, weight) VALUES(1358, '2025-12-11 20:22:15', '2025-12-11 20:22:15', NULL, 1204, 11, 80.0);
INSERT INTO logged_exercises (id, created_at, updated_at, deleted_at, workout_log_id, exercise_id, weight_setup) VALUES(1205, '2025-12-11 20:22:15', '2025-12-11 20:22:15', NULL, 1028, 15, '');
INSERT INTO logged_sets (id, created_at, updated_at, deleted_at, logged_exercise_id, reps, weight) VALUES(1359, '2025-12-11 20:22:15', '2025-12-11 20:22:15', NULL, 1205, 7, 25.0);
INSERT INTO logged_sets (id, created_at, updated_at, deleted_at, logged_exercise_id, reps, weight) VALUES(1360, '2025-12-11 20:22:15', '2025-12-11 20:22:15', NULL, 1205, 6, 25.0);
INSERT INTO logged_exercises (id, created_at, updated_at, deleted_at, workout_log_id, exercise_id, weight_setup) VALUES(1206, '2025-12-11 20:22:15', '2025-12-11 20:22:15', NULL, 1028, 16, '');
INSERT INTO logged_sets (id, created_at, updated_at, deleted_at, logged_exercise_id, reps, weight) VALUES(1361, '2025-12-11 20:22:15', '2025-12-11 20:22:15', NULL, 1206, 10, 22.5);
INSERT INTO logged_sets (id, created_at, updated_at, deleted_at, logged_exercise_id, reps, weight) VALUES(1362, '2025-12-11 20:22:15', '2025-12-11 20:22:15', NULL, 1206, 7, 25.0);
INSERT INTO workout_logs (id, created_at, updated_at, deleted_at, date, workout_plan_id) VALUES(1029, '2025-12-11 20:22:15', '2025-12-11 20:22:15', NULL, '2025-12-04 00:00:00', 3);
INSERT INTO logged_exercises (id, created_at, updated_at, deleted_at, workout_log_id, exercise_id, weight_setup) VALUES(1207, '2025-12-11 20:22:15', '2025-12-11 20:22:15', NULL, 1029, 24, '');
INSERT INTO logged_sets (id, created_at, updated_at, deleted_at, logged_exercise_id, reps, weight) VALUES(1363, '2025-12-11 20:22:15', '2025-12-11 20:22:15', NULL, 1207, 9, 150.0);
INSERT INTO logged_exercises (id, created_at, updated_at, deleted_at, workout_log_id, exercise_id, weight_setup) VALUES(1208, '2025-12-11 20:22:15', '2025-12-11 20:22:15', NULL, 1029, 25, '');
INSERT INTO logged_sets (id, created_at, updated_at, deleted_at, logged_exercise_id, reps, weight) VALUES(1364, '2025-12-11 20:22:15', '2025-12-11 20:22:15', NULL, 1208, 10, 185.0);
INSERT INTO logged_sets (id, created_at, updated_at, deleted_at, logged_exercise_id, reps, weight) VALUES(1365, '2025-12-11 20:22:15', '2025-12-11 20:22:15', NULL, 1208, 6, 190.0);
INSERT INTO logged_exercises (id, created_at, updated_at, deleted_at, workout_log_id, exercise_id, weight_setup) VALUES(1209, '2025-12-11 20:22:15', '2025-12-11 20:22:15', NULL, 1029, 20, '');
INSERT INTO logged_sets (id, created_at, updated_at, deleted_at, logged_exercise_id, reps, weight) VALUES(1366, '2025-12-11 20:22:15', '2025-12-11 20:22:15', NULL, 1209, 6, 90.0);
INSERT INTO logged_sets (id, created_at, updated_at, deleted_at, logged_exercise_id, reps, weight) VALUES(1367, '2025-12-11 20:22:15', '2025-12-11 20:22:15', NULL, 1209, 6, 90.0);
INSERT INTO logged_exercises (id, created_at, updated_at, deleted_at, workout_log_id, exercise_id, weight_setup) VALUES(1210, '2025-12-11 20:22:15', '2025-12-11 20:22:15', NULL, 1029, 21, '');
INSERT INTO logged_sets (id, created_at, updated_at, deleted_at, logged_exercise_id, reps, weight) VALUES(1368, '2025-12-11 20:22:15', '2025-12-11 20:22:15', NULL, 1210, 7, 90.0);
INSERT INTO logged_sets (id, created_at, updated_at, deleted_at, logged_exercise_id, reps, weight) VALUES(1369, '2025-12-11 20:22:15', '2025-12-11 20:22:15', NULL, 1210, 7, 90.0);
INSERT INTO logged_exercises (id, created_at, updated_at, deleted_at, workout_log_id, exercise_id, weight_setup) VALUES(1211, '2025-12-11 20:22:15', '2025-12-11 20:22:15', NULL, 1029, 7, '');
INSERT INTO logged_sets (id, created_at, updated_at, deleted_at, logged_exercise_id, reps, weight) VALUES(1370, '2025-12-11 20:22:15', '2025-12-11 20:22:15', NULL, 1211, 7, 45.0);
INSERT INTO logged_sets (id, created_at, updated_at, deleted_at, logged_exercise_id, reps, weight) VALUES(1371, '2025-12-11 20:22:15', '2025-12-11 20:22:15', NULL, 1211, 6, 45.0);
INSERT INTO logged_exercises (id, created_at, updated_at, deleted_at, workout_log_id, exercise_id, weight_setup) VALUES(1212, '2025-12-11 20:22:15', '2025-12-11 20:22:15', NULL, 1029, 6, '');
INSERT INTO logged_sets (id, created_at, updated_at, deleted_at, logged_exercise_id, reps, weight) VALUES(1372, '2025-12-11 20:22:15', '2025-12-11 20:22:15', NULL, 1212, 5, 45.0);
INSERT INTO logged_exercises (id, created_at, updated_at, deleted_at, workout_log_id, exercise_id, weight_setup) VALUES(1213, '2025-12-11 20:22:15', '2025-12-11 20:22:15', NULL, 1029, 17, '');
INSERT INTO logged_sets (id, created_at, updated_at, deleted_at, logged_exercise_id, reps, weight) VALUES(1373, '2025-12-11 20:22:15', '2025-12-11 20:22:15', NULL, 1213, 7, 170.0);
INSERT INTO workout_logs (id, created_at, updated_at, deleted_at, date, workout_plan_id) VALUES(1030, '2025-12-11 20:22:15', '2025-12-11 20:22:15', NULL, '2025-12-06 00:00:00', 4);
INSERT INTO logged_exercises (id, created_at, updated_at, deleted_at, workout_log_id, exercise_id, weight_setup) VALUES(1214, '2025-12-11 20:22:15', '2025-12-11 20:22:15', NULL, 1030, 1, '');
INSERT INTO logged_sets (id, created_at, updated_at, deleted_at, logged_exercise_id, reps, weight) VALUES(1374, '2025-12-11 20:22:15', '2025-12-11 20:22:15', NULL, 1214, 7, 50.0);
INSERT INTO logged_sets (id, created_at, updated_at, deleted_at, logged_exercise_id, reps, weight) VALUES(1375, '2025-12-11 20:22:15', '2025-12-11 20:22:15', NULL, 1214, 7, 50.0);
INSERT INTO logged_exercises (id, created_at, updated_at, deleted_at, workout_log_id, exercise_id, weight_setup) VALUES(1215, '2025-12-11 20:22:15', '2025-12-11 20:22:15', NULL, 1030, 2, '');
INSERT INTO logged_sets (id, created_at, updated_at, deleted_at, logged_exercise_id, reps, weight) VALUES(1376, '2025-12-11 20:22:15', '2025-12-11 20:22:15', NULL, 1215, 10, 90.0);
INSERT INTO logged_sets (id, created_at, updated_at, deleted_at, logged_exercise_id, reps, weight) VALUES(1377, '2025-12-11 20:22:15', '2025-12-11 20:22:15', NULL, 1215, 6, 95.0);
INSERT INTO logged_exercises (id, created_at, updated_at, deleted_at, workout_log_id, exercise_id, weight_setup) VALUES(1216, '2025-12-11 20:22:15', '2025-12-11 20:22:15', NULL, 1030, 8, '');
INSERT INTO logged_sets (id, created_at, updated_at, deleted_at, logged_exercise_id, reps, weight) VALUES(1378, '2025-12-11 20:22:15', '2025-12-11 20:22:15', NULL, 1216, 3, 35.0);
INSERT INTO logged_exercises (id, created_at, updated_at, deleted_at, workout_log_id, exercise_id, weight_setup) VALUES(1217, '2025-12-11 20:22:15', '2025-12-11 20:22:15', NULL, 1030, 4, '');
INSERT INTO logged_sets (id, created_at, updated_at, deleted_at, logged_exercise_id, reps, weight) VALUES(1379, '2025-12-11 20:22:15', '2025-12-11 20:22:15', NULL, 1217, 10, 50.0);
INSERT INTO logged_sets (id, created_at, updated_at, deleted_at, logged_exercise_id, reps, weight) VALUES(1380, '2025-12-11 20:22:15', '2025-12-11 20:22:15', NULL, 1217, 7, 55.0);
INSERT INTO logged_exercises (id, created_at, updated_at, deleted_at, workout_log_id, exercise_id, weight_setup) VALUES(1218, '2025-12-11 20:22:15', '2025-12-11 20:22:15', NULL, 1030, 5, '');
INSERT INTO logged_sets (id, created_at, updated_at, deleted_at, logged_exercise_id, reps, weight) VALUES(1381, '2025-12-11 20:22:15', '2025-12-11 20:22:15', NULL, 1218, 6, 60.0);
INSERT INTO logged_sets (id, created_at, updated_at, deleted_at, logged_exercise_id, reps, weight) VALUES(1382, '2025-12-11 20:22:15', '2025-12-11 20:22:15', NULL, 1218, 6, 60.0);
INSERT INTO logged_exercises (id, created_at, updated_at, deleted_at, workout_log_id, exercise_id, weight_setup) VALUES(1219, '2025-12-11 20:22:15', '2025-12-11 20:22:15', NULL, 1030, 10, '');
INSERT INTO logged_sets (id, created_at, updated_at, deleted_at, logged_exercise_id, reps, weight) VALUES(1383, '2025-12-11 20:22:15', '2025-12-11 20:22:15', NULL, 1219, 6, 30.0);
INSERT INTO logged_sets (id, created_at, updated_at, deleted_at, logged_exercise_id, reps, weight) VALUES(1384, '2025-12-11 20:22:15', '2025-12-11 20:22:15', NULL, 1219, 6, 30.0);
INSERT INTO logged_exercises (id, created_at, updated_at, deleted_at, workout_log_id, exercise_id, weight_setup) VALUES(1220, '2025-12-11 20:22:15', '2025-12-11 20:22:15', NULL, 1030, 12, '');
INSERT INTO logged_sets (id, created_at, updated_at, deleted_at, logged_exercise_id, reps, weight) VALUES(1385, '2025-12-11 20:22:15', '2025-12-11 20:22:15', NULL, 1220, 8, 100.0);
INSERT INTO logged_sets (id, created_at, updated_at, deleted_at, logged_exercise_id, reps, weight) VALUES(1386, '2025-12-11 20:22:15', '2025-12-11 20:22:15', NULL, 1220, 8, 100.0);
INSERT INTO logged_exercises (id, created_at, updated_at, deleted_at, workout_log_id, exercise_id, weight_setup) VALUES(1221, '2025-12-11 20:22:15', '2025-12-11 20:22:15', NULL, 1030, 14, '');
INSERT INTO logged_sets (id, created_at, updated_at, deleted_at, logged_exercise_id, reps, weight) VALUES(1387, '2025-12-11 20:22:15', '2025-12-11 20:22:15', NULL, 1221, 7, 30.0);
INSERT INTO logged_exercises (id, created_at, updated_at, deleted_at, workout_log_id, exercise_id, weight_setup) VALUES(1222, '2025-12-11 20:22:15', '2025-12-11 20:22:15', NULL, 1030, 15, '');
INSERT INTO logged_sets (id, created_at, updated_at, deleted_at, logged_exercise_id, reps, weight) VALUES(1388, '2025-12-11 20:22:15', '2025-12-11 20:22:15', NULL, 1222, 8, 25.0);
INSERT INTO logged_sets (id, created_at, updated_at, deleted_at, logged_exercise_id, reps, weight) VALUES(1389, '2025-12-11 20:22:15', '2025-12-11 20:22:15', NULL, 1222, 6, 25.0);
INSERT INTO logged_exercises (id, created_at, updated_at, deleted_at, workout_log_id, exercise_id, weight_setup) VALUES(1223, '2025-12-11 20:22:15', '2025-12-11 20:22:15', NULL, 1030, 16, '');
INSERT INTO logged_sets (id, created_at, updated_at, deleted_at, logged_exercise_id, reps, weight) VALUES(1390, '2025-12-11 20:22:15', '2025-12-11 20:22:15', NULL, 1223, 6, 25.0);
INSERT INTO workout_logs (id, created_at, updated_at, deleted_at, date, workout_plan_id) VALUES(1031, '2025-12-11 20:22:15', '2025-12-11 20:22:15', NULL, '2025-12-07 00:00:00', 5);
INSERT INTO logged_exercises (id, created_at, updated_at, deleted_at, workout_log_id, exercise_id, weight_setup) VALUES(1224, '2025-12-11 20:22:15', '2025-12-11 20:22:15', NULL, 1031, 24, '');
INSERT INTO logged_sets (id, created_at, updated_at, deleted_at, logged_exercise_id, reps, weight) VALUES(1391, '2025-12-11 20:22:15', '2025-12-11 20:22:15', NULL, 1224, 10, 150.0);
INSERT INTO logged_exercises (id, created_at, updated_at, deleted_at, workout_log_id, exercise_id, weight_setup) VALUES(1225, '2025-12-11 20:22:15', '2025-12-11 20:22:15', NULL, 1031, 25, '');
INSERT INTO logged_sets (id, created_at, updated_at, deleted_at, logged_exercise_id, reps, weight) VALUES(1392, '2025-12-11 20:22:15', '2025-12-11 20:22:15', NULL, 1225, 9, 190.0);
INSERT INTO logged_exercises (id, created_at, updated_at, deleted_at, workout_log_id, exercise_id, weight_setup) VALUES(1226, '2025-12-11 20:22:15', '2025-12-11 20:22:15', NULL, 1031, 20, '');
INSERT INTO logged_sets (id, created_at, updated_at, deleted_at, logged_exercise_id, reps, weight) VALUES(1393, '2025-12-11 20:22:15', '2025-12-11 20:22:15', NULL, 1226, 10, 90.0);
INSERT INTO logged_sets (id, created_at, updated_at, deleted_at, logged_exercise_id, reps, weight) VALUES(1394, '2025-12-11 20:22:15', '2025-12-11 20:22:15', NULL, 1226, 8, 95.0);
INSERT INTO logged_exercises (id, created_at, updated_at, deleted_at, workout_log_id, exercise_id, weight_setup) VALUES(1227, '2025-12-11 20:22:15', '2025-12-11 20:22:15', NULL, 1031, 21, '');
INSERT INTO logged_sets (id, created_at, updated_at, deleted_at, logged_exercise_id, reps, weight) VALUES(1395, '2025-12-11 20:22:15', '2025-12-11 20:22:15', NULL, 1227, 10, 90.0);
INSERT INTO logged_sets (id, created_at, updated_at, deleted_at, logged_exercise_id, reps, weight) VALUES(1396, '2025-12-11 20:22:15', '2025-12-11 20:22:15', NULL, 1227, 7, 95.0);
INSERT INTO logged_exercises (id, created_at, updated_at, deleted_at, workout_log_id, exercise_id, weight_setup) VALUES(1228, '2025-12-11 20:22:15', '2025-12-11 20:22:15', NULL, 1031, 6, '');
INSERT INTO logged_sets (id, created_at, updated_at, deleted_at, logged_exercise_id, reps, weight) VALUES(1397, '2025-12-11 20:22:15', '2025-12-11 20:22:15', NULL, 1228, 7, 45.0);
INSERT INTO logged_sets (id, created_at, updated_at, deleted_at, logged_exercise_id, reps, weight) VALUES(1398, '2025-12-11 20:22:15', '2025-12-11 20:22:15', NULL, 1228, 4, 50.0);
INSERT INTO logged_exercises (id, created_at, updated_at, deleted_at, workout_log_id, exercise_id, weight_setup) VALUES(1229, '2025-12-11 20:22:15', '2025-12-11 20:22:15', NULL, 1031, 7, '');
INSERT INTO logged_sets (id, created_at, updated_at, deleted_at, logged_exercise_id, reps, weight) VALUES(1399, '2025-12-11 20:22:15', '2025-12-11 20:22:15', NULL, 1229, 8, 45.0);
INSERT INTO logged_sets (id, created_at, updated_at, deleted_at, logged_exercise_id, reps, weight) VALUES(1400, '2025-12-11 20:22:15', '2025-12-11 20:22:15', NULL, 1229, 8, 50.0);
INSERT INTO logged_exercises (id, created_at, updated_at, deleted_at, workout_log_id, exercise_id, weight_setup) VALUES(1230, '2025-12-11 20:22:15', '2025-12-11 20:22:15', NULL, 1031, 6, '');
INSERT INTO logged_sets (id, created_at, updated_at, deleted_at, logged_exercise_id, reps, weight) VALUES(1401, '2025-12-11 20:22:15', '2025-12-11 20:22:15', NULL, 1230, 6, 25.0);
INSERT INTO logged_exercises (id, created_at, updated_at, deleted_at, workout_log_id, exercise_id, weight_setup) VALUES(1231, '2025-12-11 20:22:15', '2025-12-11 20:22:15', NULL, 1031, 17, '');
INSERT INTO logged_sets (id, created_at, updated_at, deleted_at, logged_exercise_id, reps, weight) VALUES(1402, '2025-12-11 20:22:15', '2025-12-11 20:22:15', NULL, 1231, 15, 170.0);
INSERT INTO workout_logs (id, created_at, updated_at, deleted_at, date, workout_plan_id) VALUES(1032, '2025-12-11 20:22:15', '2025-12-11 20:22:15', NULL, '2025-12-09 00:00:00', 1);
INSERT INTO logged_exercises (id, created_at, updated_at, deleted_at, workout_log_id, exercise_id, weight_setup) VALUES(1232, '2025-12-11 20:22:15', '2025-12-11 20:22:15', NULL, 1032, 1, '');
INSERT INTO logged_sets (id, created_at, updated_at, deleted_at, logged_exercise_id, reps, weight) VALUES(1403, '2025-12-11 20:22:15', '2025-12-11 20:22:15', NULL, 1232, 6, 50.0);
INSERT INTO logged_sets (id, created_at, updated_at, deleted_at, logged_exercise_id, reps, weight) VALUES(1404, '2025-12-11 20:22:15', '2025-12-11 20:22:15', NULL, 1232, 4, 50.0);
INSERT INTO logged_exercises (id, created_at, updated_at, deleted_at, workout_log_id, exercise_id, weight_setup) VALUES(1233, '2025-12-11 20:22:15', '2025-12-11 20:22:15', NULL, 1032, 2, '');
INSERT INTO logged_sets (id, created_at, updated_at, deleted_at, logged_exercise_id, reps, weight) VALUES(1405, '2025-12-11 20:22:15', '2025-12-11 20:22:15', NULL, 1233, 11, 95.0);
INSERT INTO logged_sets (id, created_at, updated_at, deleted_at, logged_exercise_id, reps, weight) VALUES(1406, '2025-12-11 20:22:15', '2025-12-11 20:22:15', NULL, 1233, 6, 100.0);
INSERT INTO logged_exercises (id, created_at, updated_at, deleted_at, workout_log_id, exercise_id, weight_setup) VALUES(1234, '2025-12-11 20:22:15', '2025-12-11 20:22:15', NULL, 1032, 3, '');
INSERT INTO logged_sets (id, created_at, updated_at, deleted_at, logged_exercise_id, reps, weight) VALUES(1407, '2025-12-11 20:22:15', '2025-12-11 20:22:15', NULL, 1234, 8, -45.0);
INSERT INTO logged_exercises (id, created_at, updated_at, deleted_at, workout_log_id, exercise_id, weight_setup) VALUES(1235, '2025-12-11 20:22:15', '2025-12-11 20:22:15', NULL, 1032, 4, '');
INSERT INTO logged_sets (id, created_at, updated_at, deleted_at, logged_exercise_id, reps, weight) VALUES(1408, '2025-12-11 20:22:15', '2025-12-11 20:22:15', NULL, 1235, 11, 15.0);
INSERT INTO logged_sets (id, created_at, updated_at, deleted_at, logged_exercise_id, reps, weight) VALUES(1409, '2025-12-11 20:22:15', '2025-12-11 20:22:15', NULL, 1235, 11, 15.0);
INSERT INTO logged_exercises (id, created_at, updated_at, deleted_at, workout_log_id, exercise_id, weight_setup) VALUES(1236, '2025-12-11 20:22:15', '2025-12-11 20:22:15', NULL, 1032, 5, '');
INSERT INTO logged_sets (id, created_at, updated_at, deleted_at, logged_exercise_id, reps, weight) VALUES(1410, '2025-12-11 20:22:15', '2025-12-11 20:22:15', NULL, 1236, 8, 60.0);
INSERT INTO logged_sets (id, created_at, updated_at, deleted_at, logged_exercise_id, reps, weight) VALUES(1411, '2025-12-11 20:22:15', '2025-12-11 20:22:15', NULL, 1236, 7, 60.0);
INSERT INTO logged_exercises (id, created_at, updated_at, deleted_at, workout_log_id, exercise_id, weight_setup) VALUES(1237, '2025-12-11 20:22:15', '2025-12-11 20:22:15', NULL, 1032, 14, '');
INSERT INTO logged_sets (id, created_at, updated_at, deleted_at, logged_exercise_id, reps, weight) VALUES(1412, '2025-12-11 20:22:15', '2025-12-11 20:22:15', NULL, 1237, 11, 20.0);
INSERT INTO workout_logs (id, created_at, updated_at, deleted_at, date, workout_plan_id) VALUES(1033, '2025-12-11 20:22:15', '2025-12-11 20:22:15', NULL, '2025-12-10 00:00:00', 2);
INSERT INTO logged_exercises (id, created_at, updated_at, deleted_at, workout_log_id, exercise_id, weight_setup) VALUES(1238, '2025-12-11 20:22:15', '2025-12-11 20:22:15', NULL, 1033, 10, '');
INSERT INTO logged_sets (id, created_at, updated_at, deleted_at, logged_exercise_id, reps, weight) VALUES(1413, '2025-12-11 20:22:15', '2025-12-11 20:22:15', NULL, 1238, 7, 30.0);
INSERT INTO logged_sets (id, created_at, updated_at, deleted_at, logged_exercise_id, reps, weight) VALUES(1414, '2025-12-11 20:22:15', '2025-12-11 20:22:15', NULL, 1238, 7, 30.0);
INSERT INTO logged_exercises (id, created_at, updated_at, deleted_at, workout_log_id, exercise_id, weight_setup) VALUES(1239, '2025-12-11 20:22:15', '2025-12-11 20:22:15', NULL, 1033, 12, '');
INSERT INTO logged_sets (id, created_at, updated_at, deleted_at, logged_exercise_id, reps, weight) VALUES(1415, '2025-12-11 20:22:15', '2025-12-11 20:22:15', NULL, 1239, 6, 105.0);
INSERT INTO logged_sets (id, created_at, updated_at, deleted_at, logged_exercise_id, reps, weight) VALUES(1416, '2025-12-11 20:22:15', '2025-12-11 20:22:15', NULL, 1239, 6, 105.0);
INSERT INTO logged_exercises (id, created_at, updated_at, deleted_at, workout_log_id, exercise_id, weight_setup) VALUES(1240, '2025-12-11 20:22:15', '2025-12-11 20:22:15', NULL, 1033, 9, '');
INSERT INTO logged_sets (id, created_at, updated_at, deleted_at, logged_exercise_id, reps, weight) VALUES(1417, '2025-12-11 20:22:15', '2025-12-11 20:22:15', NULL, 1240, 8, 85.0);
INSERT INTO logged_exercises (id, created_at, updated_at, deleted_at, workout_log_id, exercise_id, weight_setup) VALUES(1241, '2025-12-11 20:22:15', '2025-12-11 20:22:15', NULL, 1033, 15, '');
INSERT INTO logged_sets (id, created_at, updated_at, deleted_at, logged_exercise_id, reps, weight) VALUES(1418, '2025-12-11 20:22:15', '2025-12-11 20:22:15', NULL, 1241, 9, 25.0);
INSERT INTO logged_sets (id, created_at, updated_at, deleted_at, logged_exercise_id, reps, weight) VALUES(1419, '2025-12-11 20:22:15', '2025-12-11 20:22:15', NULL, 1241, 6, 25.0);
INSERT INTO logged_exercises (id, created_at, updated_at, deleted_at, workout_log_id, exercise_id, weight_setup) VALUES(1242, '2025-12-11 20:22:15', '2025-12-11 20:22:15', NULL, 1033, 16, '');
INSERT INTO logged_sets (id, created_at, updated_at, deleted_at, logged_exercise_id, reps, weight) VALUES(1420, '2025-12-11 20:22:15', '2025-12-11 20:22:15', NULL, 1242, 8, 25.0);
INSERT INTO logged_sets (id, created_at, updated_at, deleted_at, logged_exercise_id, reps, weight) VALUES(1421, '2025-12-11 20:22:15', '2025-12-11 20:22:15', NULL, 1242, 7, 25.0);
INSERT INTO workout_logs (id, created_at, updated_at, deleted_at, date, workout_plan_id) VALUES(1034, '2025-12-11 20:22:15', '2025-12-11 20:22:15', NULL, '2025-12-11 00:00:00', 3);
INSERT INTO logged_exercises (id, created_at, updated_at, deleted_at, workout_log_id, exercise_id, weight_setup) VALUES(1243, '2025-12-11 20:22:15', '2025-12-11 20:22:15', NULL, 1034, 24, '');
INSERT INTO logged_sets (id, created_at, updated_at, deleted_at, logged_exercise_id, reps, weight) VALUES(1422, '2025-12-11 20:22:15', '2025-12-11 20:22:15', NULL, 1243, 7, 160.0);
INSERT INTO logged_exercises (id, created_at, updated_at, deleted_at, workout_log_id, exercise_id, weight_setup) VALUES(1244, '2025-12-11 20:22:15', '2025-12-11 20:22:15', NULL, 1034, 25, '');
INSERT INTO logged_sets (id, created_at, updated_at, deleted_at, logged_exercise_id, reps, weight) VALUES(1423, '2025-12-11 20:22:15', '2025-12-11 20:22:15', NULL, 1244, 8, 190.0);
INSERT INTO logged_exercises (id, created_at, updated_at, deleted_at, workout_log_id, exercise_id, weight_setup) VALUES(1245, '2025-12-11 20:22:15', '2025-12-11 20:22:15', NULL, 1034, 20, '');
INSERT INTO logged_sets (id, created_at, updated_at, deleted_at, logged_exercise_id, reps, weight) VALUES(1424, '2025-12-11 20:22:15', '2025-12-11 20:22:15', NULL, 1245, 8, 95.0);
INSERT INTO logged_sets (id, created_at, updated_at, deleted_at, logged_exercise_id, reps, weight) VALUES(1425, '2025-12-11 20:22:15', '2025-12-11 20:22:15', NULL, 1245, 8, 95.0);
INSERT INTO logged_exercises (id, created_at, updated_at, deleted_at, workout_log_id, exercise_id, weight_setup) VALUES(1246, '2025-12-11 20:22:15', '2025-12-11 20:22:15', NULL, 1034, 21, '');
INSERT INTO logged_sets (id, created_at, updated_at, deleted_at, logged_exercise_id, reps, weight) VALUES(1426, '2025-12-11 20:22:15', '2025-12-11 20:22:15', NULL, 1246, 9, 95.0);
INSERT INTO logged_sets (id, created_at, updated_at, deleted_at, logged_exercise_id, reps, weight) VALUES(1427, '2025-12-11 20:22:15', '2025-12-11 20:22:15', NULL, 1246, 9, 95.0);
INSERT INTO logged_exercises (id, created_at, updated_at, deleted_at, workout_log_id, exercise_id, weight_setup) VALUES(1247, '2025-12-11 20:22:15', '2025-12-11 20:22:15', NULL, 1034, 7, '');
INSERT INTO logged_sets (id, created_at, updated_at, deleted_at, logged_exercise_id, reps, weight) VALUES(1428, '2025-12-11 20:22:15', '2025-12-11 20:22:15', NULL, 1247, 5, 55.0);
INSERT INTO logged_sets (id, created_at, updated_at, deleted_at, logged_exercise_id, reps, weight) VALUES(1429, '2025-12-11 20:22:15', '2025-12-11 20:22:15', NULL, 1247, 5, 55.0);
INSERT INTO logged_exercises (id, created_at, updated_at, deleted_at, workout_log_id, exercise_id, weight_setup) VALUES(1248, '2025-12-11 20:22:15', '2025-12-11 20:22:15', NULL, 1034, 6, '');
INSERT INTO logged_sets (id, created_at, updated_at, deleted_at, logged_exercise_id, reps, weight) VALUES(1430, '2025-12-11 20:22:15', '2025-12-11 20:22:15', NULL, 1248, 6, 50.0);
INSERT INTO logged_sets (id, created_at, updated_at, deleted_at, logged_exercise_id, reps, weight) VALUES(1431, '2025-12-11 20:22:15', '2025-12-11 20:22:15', NULL, 1248, 6, 50.0);
INSERT INTO logged_exercises (id, created_at, updated_at, deleted_at, workout_log_id, exercise_id, weight_setup) VALUES(1249, '2025-12-11 20:22:15', '2025-12-11 20:22:15', NULL, 1034, 17, '');
INSERT INTO logged_sets (id, created_at, updated_at, deleted_at, logged_exercise_id, reps, weight) VALUES(1432, '2025-12-11 20:22:15', '2025-12-11 20:22:15', NULL, 1249, 12, 190.0);