-- Generated SQL INSERT statements for workout logs
-- Generated from data_week.txt

INSERT INTO workout_logs (id, created_at, updated_at, deleted_at, date, workout_plan_id) VALUES(1000, '2025-12-11 20:35:49', '2025-12-11 20:35:49', NULL, '2025-12-06 00:00:00', 4);
INSERT INTO logged_exercises (id, created_at, updated_at, deleted_at, workout_log_id, exercise_id, notes) VALUES(1000, '2025-12-11 20:35:49', '2025-12-11 20:35:49', NULL, 1000, 1, '');
INSERT INTO logged_sets (id, created_at, updated_at, deleted_at, logged_exercise_id, reps, weight) VALUES(1000, '2025-12-11 20:35:49', '2025-12-11 20:35:49', NULL, 1000, 7, 50.0);
INSERT INTO logged_sets (id, created_at, updated_at, deleted_at, logged_exercise_id, reps, weight) VALUES(1001, '2025-12-11 20:35:49', '2025-12-11 20:35:49', NULL, 1000, 7, 50.0);
INSERT INTO logged_exercises (id, created_at, updated_at, deleted_at, workout_log_id, exercise_id, notes) VALUES(1001, '2025-12-11 20:35:49', '2025-12-11 20:35:49', NULL, 1000, 2, '');
INSERT INTO logged_sets (id, created_at, updated_at, deleted_at, logged_exercise_id, reps, weight) VALUES(1002, '2025-12-11 20:35:49', '2025-12-11 20:35:49', NULL, 1001, 10, 90.0);
INSERT INTO logged_sets (id, created_at, updated_at, deleted_at, logged_exercise_id, reps, weight) VALUES(1003, '2025-12-11 20:35:49', '2025-12-11 20:35:49', NULL, 1001, 6, 95.0);
INSERT INTO logged_exercises (id, created_at, updated_at, deleted_at, workout_log_id, exercise_id, notes) VALUES(1002, '2025-12-11 20:35:49', '2025-12-11 20:35:49', NULL, 1000, 8, '');
INSERT INTO logged_sets (id, created_at, updated_at, deleted_at, logged_exercise_id, reps, weight) VALUES(1004, '2025-12-11 20:35:49', '2025-12-11 20:35:49', NULL, 1002, 3, 35.0);
INSERT INTO logged_exercises (id, created_at, updated_at, deleted_at, workout_log_id, exercise_id, notes) VALUES(1003, '2025-12-11 20:35:49', '2025-12-11 20:35:49', NULL, 1000, 4, '');
INSERT INTO logged_sets (id, created_at, updated_at, deleted_at, logged_exercise_id, reps, weight) VALUES(1005, '2025-12-11 20:35:49', '2025-12-11 20:35:49', NULL, 1003, 10, 50.0);
INSERT INTO logged_sets (id, created_at, updated_at, deleted_at, logged_exercise_id, reps, weight) VALUES(1006, '2025-12-11 20:35:49', '2025-12-11 20:35:49', NULL, 1003, 7, 55.0);
INSERT INTO logged_exercises (id, created_at, updated_at, deleted_at, workout_log_id, exercise_id, notes) VALUES(1004, '2025-12-11 20:35:49', '2025-12-11 20:35:49', NULL, 1000, 5, '');
INSERT INTO logged_sets (id, created_at, updated_at, deleted_at, logged_exercise_id, reps, weight) VALUES(1007, '2025-12-11 20:35:49', '2025-12-11 20:35:49', NULL, 1004, 6, 60.0);
INSERT INTO logged_sets (id, created_at, updated_at, deleted_at, logged_exercise_id, reps, weight) VALUES(1008, '2025-12-11 20:35:49', '2025-12-11 20:35:49', NULL, 1004, 6, 60.0);
INSERT INTO logged_exercises (id, created_at, updated_at, deleted_at, workout_log_id, exercise_id, notes) VALUES(1005, '2025-12-11 20:35:49', '2025-12-11 20:35:49', NULL, 1000, 10, '');
INSERT INTO logged_sets (id, created_at, updated_at, deleted_at, logged_exercise_id, reps, weight) VALUES(1009, '2025-12-11 20:35:49', '2025-12-11 20:35:49', NULL, 1005, 6, 30.0);
INSERT INTO logged_sets (id, created_at, updated_at, deleted_at, logged_exercise_id, reps, weight) VALUES(1010, '2025-12-11 20:35:49', '2025-12-11 20:35:49', NULL, 1005, 6, 30.0);
INSERT INTO logged_exercises (id, created_at, updated_at, deleted_at, workout_log_id, exercise_id, notes) VALUES(1006, '2025-12-11 20:35:49', '2025-12-11 20:35:49', NULL, 1000, 12, '');
INSERT INTO logged_sets (id, created_at, updated_at, deleted_at, logged_exercise_id, reps, weight) VALUES(1011, '2025-12-11 20:35:49', '2025-12-11 20:35:49', NULL, 1006, 8, 100.0);
INSERT INTO logged_sets (id, created_at, updated_at, deleted_at, logged_exercise_id, reps, weight) VALUES(1012, '2025-12-11 20:35:49', '2025-12-11 20:35:49', NULL, 1006, 8, 100.0);
INSERT INTO logged_exercises (id, created_at, updated_at, deleted_at, workout_log_id, exercise_id, notes) VALUES(1007, '2025-12-11 20:35:49', '2025-12-11 20:35:49', NULL, 1000, 14, '');
INSERT INTO logged_sets (id, created_at, updated_at, deleted_at, logged_exercise_id, reps, weight) VALUES(1013, '2025-12-11 20:35:49', '2025-12-11 20:35:49', NULL, 1007, 7, 30.0);
INSERT INTO logged_exercises (id, created_at, updated_at, deleted_at, workout_log_id, exercise_id, notes) VALUES(1008, '2025-12-11 20:35:49', '2025-12-11 20:35:49', NULL, 1000, 15, '');
INSERT INTO logged_sets (id, created_at, updated_at, deleted_at, logged_exercise_id, reps, weight) VALUES(1014, '2025-12-11 20:35:49', '2025-12-11 20:35:49', NULL, 1008, 8, 25.0);
INSERT INTO logged_sets (id, created_at, updated_at, deleted_at, logged_exercise_id, reps, weight) VALUES(1015, '2025-12-11 20:35:49', '2025-12-11 20:35:49', NULL, 1008, 6, 25.0);
INSERT INTO logged_exercises (id, created_at, updated_at, deleted_at, workout_log_id, exercise_id, notes) VALUES(1009, '2025-12-11 20:35:49', '2025-12-11 20:35:49', NULL, 1000, 16, '');
INSERT INTO logged_sets (id, created_at, updated_at, deleted_at, logged_exercise_id, reps, weight) VALUES(1016, '2025-12-11 20:35:49', '2025-12-11 20:35:49', NULL, 1009, 6, 25.0);
INSERT INTO workout_logs (id, created_at, updated_at, deleted_at, date, workout_plan_id) VALUES(1001, '2025-12-11 20:35:49', '2025-12-11 20:35:49', NULL, '2025-12-07 00:00:00', 5);
INSERT INTO logged_exercises (id, created_at, updated_at, deleted_at, workout_log_id, exercise_id, notes) VALUES(1010, '2025-12-11 20:35:49', '2025-12-11 20:35:49', NULL, 1001, 24, '');
INSERT INTO logged_sets (id, created_at, updated_at, deleted_at, logged_exercise_id, reps, weight) VALUES(1017, '2025-12-11 20:35:49', '2025-12-11 20:35:49', NULL, 1010, 10, 150.0);
INSERT INTO logged_exercises (id, created_at, updated_at, deleted_at, workout_log_id, exercise_id, notes) VALUES(1011, '2025-12-11 20:35:49', '2025-12-11 20:35:49', NULL, 1001, 25, '');
INSERT INTO logged_sets (id, created_at, updated_at, deleted_at, logged_exercise_id, reps, weight) VALUES(1018, '2025-12-11 20:35:49', '2025-12-11 20:35:49', NULL, 1011, 9, 190.0);
INSERT INTO logged_exercises (id, created_at, updated_at, deleted_at, workout_log_id, exercise_id, notes) VALUES(1012, '2025-12-11 20:35:49', '2025-12-11 20:35:49', NULL, 1001, 20, '');
INSERT INTO logged_sets (id, created_at, updated_at, deleted_at, logged_exercise_id, reps, weight) VALUES(1019, '2025-12-11 20:35:49', '2025-12-11 20:35:49', NULL, 1012, 10, 90.0);
INSERT INTO logged_sets (id, created_at, updated_at, deleted_at, logged_exercise_id, reps, weight) VALUES(1020, '2025-12-11 20:35:49', '2025-12-11 20:35:49', NULL, 1012, 8, 95.0);
INSERT INTO logged_exercises (id, created_at, updated_at, deleted_at, workout_log_id, exercise_id, notes) VALUES(1013, '2025-12-11 20:35:49', '2025-12-11 20:35:49', NULL, 1001, 21, '');
INSERT INTO logged_sets (id, created_at, updated_at, deleted_at, logged_exercise_id, reps, weight) VALUES(1021, '2025-12-11 20:35:49', '2025-12-11 20:35:49', NULL, 1013, 10, 90.0);
INSERT INTO logged_sets (id, created_at, updated_at, deleted_at, logged_exercise_id, reps, weight) VALUES(1022, '2025-12-11 20:35:49', '2025-12-11 20:35:49', NULL, 1013, 7, 95.0);
INSERT INTO logged_exercises (id, created_at, updated_at, deleted_at, workout_log_id, exercise_id, notes) VALUES(1014, '2025-12-11 20:35:49', '2025-12-11 20:35:49', NULL, 1001, 6, '');
INSERT INTO logged_sets (id, created_at, updated_at, deleted_at, logged_exercise_id, reps, weight) VALUES(1023, '2025-12-11 20:35:49', '2025-12-11 20:35:49', NULL, 1014, 7, 45.0);
INSERT INTO logged_sets (id, created_at, updated_at, deleted_at, logged_exercise_id, reps, weight) VALUES(1024, '2025-12-11 20:35:49', '2025-12-11 20:35:49', NULL, 1014, 4, 50.0);
INSERT INTO logged_exercises (id, created_at, updated_at, deleted_at, workout_log_id, exercise_id, notes) VALUES(1015, '2025-12-11 20:35:49', '2025-12-11 20:35:49', NULL, 1001, 7, '');
INSERT INTO logged_sets (id, created_at, updated_at, deleted_at, logged_exercise_id, reps, weight) VALUES(1025, '2025-12-11 20:35:49', '2025-12-11 20:35:49', NULL, 1015, 8, 45.0);
INSERT INTO logged_sets (id, created_at, updated_at, deleted_at, logged_exercise_id, reps, weight) VALUES(1026, '2025-12-11 20:35:49', '2025-12-11 20:35:49', NULL, 1015, 8, 50.0);
INSERT INTO logged_exercises (id, created_at, updated_at, deleted_at, workout_log_id, exercise_id, notes) VALUES(1016, '2025-12-11 20:35:49', '2025-12-11 20:35:49', NULL, 1001, 6, '');
INSERT INTO logged_sets (id, created_at, updated_at, deleted_at, logged_exercise_id, reps, weight) VALUES(1027, '2025-12-11 20:35:49', '2025-12-11 20:35:49', NULL, 1016, 6, 25.0);
INSERT INTO logged_exercises (id, created_at, updated_at, deleted_at, workout_log_id, exercise_id, notes) VALUES(1017, '2025-12-11 20:35:49', '2025-12-11 20:35:49', NULL, 1001, 17, '');
INSERT INTO logged_sets (id, created_at, updated_at, deleted_at, logged_exercise_id, reps, weight) VALUES(1028, '2025-12-11 20:35:49', '2025-12-11 20:35:49', NULL, 1017, 15, 170.0);
INSERT INTO workout_logs (id, created_at, updated_at, deleted_at, date, workout_plan_id) VALUES(1002, '2025-12-11 20:35:49', '2025-12-11 20:35:49', NULL, '2025-12-09 00:00:00', 1);
INSERT INTO logged_exercises (id, created_at, updated_at, deleted_at, workout_log_id, exercise_id, notes) VALUES(1018, '2025-12-11 20:35:49', '2025-12-11 20:35:49', NULL, 1002, 1, '');
INSERT INTO logged_sets (id, created_at, updated_at, deleted_at, logged_exercise_id, reps, weight) VALUES(1029, '2025-12-11 20:35:49', '2025-12-11 20:35:49', NULL, 1018, 6, 50.0);
INSERT INTO logged_sets (id, created_at, updated_at, deleted_at, logged_exercise_id, reps, weight) VALUES(1030, '2025-12-11 20:35:49', '2025-12-11 20:35:49', NULL, 1018, 4, 50.0);
INSERT INTO logged_exercises (id, created_at, updated_at, deleted_at, workout_log_id, exercise_id, notes) VALUES(1019, '2025-12-11 20:35:49', '2025-12-11 20:35:49', NULL, 1002, 2, '');
INSERT INTO logged_sets (id, created_at, updated_at, deleted_at, logged_exercise_id, reps, weight) VALUES(1031, '2025-12-11 20:35:49', '2025-12-11 20:35:49', NULL, 1019, 11, 95.0);
INSERT INTO logged_sets (id, created_at, updated_at, deleted_at, logged_exercise_id, reps, weight) VALUES(1032, '2025-12-11 20:35:49', '2025-12-11 20:35:49', NULL, 1019, 6, 100.0);
INSERT INTO logged_exercises (id, created_at, updated_at, deleted_at, workout_log_id, exercise_id, notes) VALUES(1020, '2025-12-11 20:35:49', '2025-12-11 20:35:49', NULL, 1002, 3, '');
INSERT INTO logged_sets (id, created_at, updated_at, deleted_at, logged_exercise_id, reps, weight) VALUES(1033, '2025-12-11 20:35:49', '2025-12-11 20:35:49', NULL, 1020, 8, -45.0);
INSERT INTO logged_exercises (id, created_at, updated_at, deleted_at, workout_log_id, exercise_id, notes) VALUES(1021, '2025-12-11 20:35:49', '2025-12-11 20:35:49', NULL, 1002, 4, '');
INSERT INTO logged_sets (id, created_at, updated_at, deleted_at, logged_exercise_id, reps, weight) VALUES(1034, '2025-12-11 20:35:49', '2025-12-11 20:35:49', NULL, 1021, 11, 15.0);
INSERT INTO logged_sets (id, created_at, updated_at, deleted_at, logged_exercise_id, reps, weight) VALUES(1035, '2025-12-11 20:35:49', '2025-12-11 20:35:49', NULL, 1021, 11, 15.0);
INSERT INTO logged_exercises (id, created_at, updated_at, deleted_at, workout_log_id, exercise_id, notes) VALUES(1022, '2025-12-11 20:35:49', '2025-12-11 20:35:49', NULL, 1002, 5, '');
INSERT INTO logged_sets (id, created_at, updated_at, deleted_at, logged_exercise_id, reps, weight) VALUES(1036, '2025-12-11 20:35:49', '2025-12-11 20:35:49', NULL, 1022, 8, 60.0);
INSERT INTO logged_sets (id, created_at, updated_at, deleted_at, logged_exercise_id, reps, weight) VALUES(1037, '2025-12-11 20:35:49', '2025-12-11 20:35:49', NULL, 1022, 7, 60.0);
INSERT INTO logged_exercises (id, created_at, updated_at, deleted_at, workout_log_id, exercise_id, notes) VALUES(1023, '2025-12-11 20:35:49', '2025-12-11 20:35:49', NULL, 1002, 14, '');
INSERT INTO logged_sets (id, created_at, updated_at, deleted_at, logged_exercise_id, reps, weight) VALUES(1038, '2025-12-11 20:35:49', '2025-12-11 20:35:49', NULL, 1023, 11, 20.0);
INSERT INTO workout_logs (id, created_at, updated_at, deleted_at, date, workout_plan_id) VALUES(1003, '2025-12-11 20:35:49', '2025-12-11 20:35:49', NULL, '2025-12-10 00:00:00', 2);
INSERT INTO logged_exercises (id, created_at, updated_at, deleted_at, workout_log_id, exercise_id, notes) VALUES(1024, '2025-12-11 20:35:49', '2025-12-11 20:35:49', NULL, 1003, 10, '');
INSERT INTO logged_sets (id, created_at, updated_at, deleted_at, logged_exercise_id, reps, weight) VALUES(1039, '2025-12-11 20:35:49', '2025-12-11 20:35:49', NULL, 1024, 7, 30.0);
INSERT INTO logged_sets (id, created_at, updated_at, deleted_at, logged_exercise_id, reps, weight) VALUES(1040, '2025-12-11 20:35:49', '2025-12-11 20:35:49', NULL, 1024, 7, 30.0);
INSERT INTO logged_exercises (id, created_at, updated_at, deleted_at, workout_log_id, exercise_id, notes) VALUES(1025, '2025-12-11 20:35:49', '2025-12-11 20:35:49', NULL, 1003, 12, '');
INSERT INTO logged_sets (id, created_at, updated_at, deleted_at, logged_exercise_id, reps, weight) VALUES(1041, '2025-12-11 20:35:49', '2025-12-11 20:35:49', NULL, 1025, 6, 105.0);
INSERT INTO logged_sets (id, created_at, updated_at, deleted_at, logged_exercise_id, reps, weight) VALUES(1042, '2025-12-11 20:35:49', '2025-12-11 20:35:49', NULL, 1025, 6, 105.0);
INSERT INTO logged_exercises (id, created_at, updated_at, deleted_at, workout_log_id, exercise_id, notes) VALUES(1026, '2025-12-11 20:35:49', '2025-12-11 20:35:49', NULL, 1003, 9, '');
INSERT INTO logged_sets (id, created_at, updated_at, deleted_at, logged_exercise_id, reps, weight) VALUES(1043, '2025-12-11 20:35:49', '2025-12-11 20:35:49', NULL, 1026, 8, 85.0);
INSERT INTO logged_exercises (id, created_at, updated_at, deleted_at, workout_log_id, exercise_id, notes) VALUES(1027, '2025-12-11 20:35:49', '2025-12-11 20:35:49', NULL, 1003, 15, '');
INSERT INTO logged_sets (id, created_at, updated_at, deleted_at, logged_exercise_id, reps, weight) VALUES(1044, '2025-12-11 20:35:49', '2025-12-11 20:35:49', NULL, 1027, 9, 25.0);
INSERT INTO logged_sets (id, created_at, updated_at, deleted_at, logged_exercise_id, reps, weight) VALUES(1045, '2025-12-11 20:35:49', '2025-12-11 20:35:49', NULL, 1027, 6, 25.0);
INSERT INTO logged_exercises (id, created_at, updated_at, deleted_at, workout_log_id, exercise_id, notes) VALUES(1028, '2025-12-11 20:35:49', '2025-12-11 20:35:49', NULL, 1003, 16, '');
INSERT INTO logged_sets (id, created_at, updated_at, deleted_at, logged_exercise_id, reps, weight) VALUES(1046, '2025-12-11 20:35:49', '2025-12-11 20:35:49', NULL, 1028, 8, 25.0);
INSERT INTO logged_sets (id, created_at, updated_at, deleted_at, logged_exercise_id, reps, weight) VALUES(1047, '2025-12-11 20:35:49', '2025-12-11 20:35:49', NULL, 1028, 7, 25.0);
INSERT INTO workout_logs (id, created_at, updated_at, deleted_at, date, workout_plan_id) VALUES(1004, '2025-12-11 20:35:49', '2025-12-11 20:35:49', NULL, '2025-12-11 00:00:00', 3);
INSERT INTO logged_exercises (id, created_at, updated_at, deleted_at, workout_log_id, exercise_id, notes) VALUES(1029, '2025-12-11 20:35:49', '2025-12-11 20:35:49', NULL, 1004, 24, '');
INSERT INTO logged_sets (id, created_at, updated_at, deleted_at, logged_exercise_id, reps, weight) VALUES(1048, '2025-12-11 20:35:49', '2025-12-11 20:35:49', NULL, 1029, 7, 160.0);
INSERT INTO logged_exercises (id, created_at, updated_at, deleted_at, workout_log_id, exercise_id, notes) VALUES(1030, '2025-12-11 20:35:49', '2025-12-11 20:35:49', NULL, 1004, 25, '');
INSERT INTO logged_sets (id, created_at, updated_at, deleted_at, logged_exercise_id, reps, weight) VALUES(1049, '2025-12-11 20:35:49', '2025-12-11 20:35:49', NULL, 1030, 8, 190.0);
INSERT INTO logged_exercises (id, created_at, updated_at, deleted_at, workout_log_id, exercise_id, notes) VALUES(1031, '2025-12-11 20:35:49', '2025-12-11 20:35:49', NULL, 1004, 20, '');
INSERT INTO logged_sets (id, created_at, updated_at, deleted_at, logged_exercise_id, reps, weight) VALUES(1050, '2025-12-11 20:35:49', '2025-12-11 20:35:49', NULL, 1031, 8, 95.0);
INSERT INTO logged_sets (id, created_at, updated_at, deleted_at, logged_exercise_id, reps, weight) VALUES(1051, '2025-12-11 20:35:49', '2025-12-11 20:35:49', NULL, 1031, 8, 95.0);
INSERT INTO logged_exercises (id, created_at, updated_at, deleted_at, workout_log_id, exercise_id, notes) VALUES(1032, '2025-12-11 20:35:49', '2025-12-11 20:35:49', NULL, 1004, 21, '');
INSERT INTO logged_sets (id, created_at, updated_at, deleted_at, logged_exercise_id, reps, weight) VALUES(1052, '2025-12-11 20:35:49', '2025-12-11 20:35:49', NULL, 1032, 9, 95.0);
INSERT INTO logged_sets (id, created_at, updated_at, deleted_at, logged_exercise_id, reps, weight) VALUES(1053, '2025-12-11 20:35:49', '2025-12-11 20:35:49', NULL, 1032, 9, 95.0);
INSERT INTO logged_exercises (id, created_at, updated_at, deleted_at, workout_log_id, exercise_id, notes) VALUES(1033, '2025-12-11 20:35:49', '2025-12-11 20:35:49', NULL, 1004, 7, '');
INSERT INTO logged_sets (id, created_at, updated_at, deleted_at, logged_exercise_id, reps, weight) VALUES(1054, '2025-12-11 20:35:49', '2025-12-11 20:35:49', NULL, 1033, 5, 55.0);
INSERT INTO logged_sets (id, created_at, updated_at, deleted_at, logged_exercise_id, reps, weight) VALUES(1055, '2025-12-11 20:35:49', '2025-12-11 20:35:49', NULL, 1033, 5, 55.0);
INSERT INTO logged_exercises (id, created_at, updated_at, deleted_at, workout_log_id, exercise_id, notes) VALUES(1034, '2025-12-11 20:35:49', '2025-12-11 20:35:49', NULL, 1004, 6, '');
INSERT INTO logged_sets (id, created_at, updated_at, deleted_at, logged_exercise_id, reps, weight) VALUES(1056, '2025-12-11 20:35:49', '2025-12-11 20:35:49', NULL, 1034, 6, 50.0);
INSERT INTO logged_sets (id, created_at, updated_at, deleted_at, logged_exercise_id, reps, weight) VALUES(1057, '2025-12-11 20:35:49', '2025-12-11 20:35:49', NULL, 1034, 6, 50.0);
INSERT INTO logged_exercises (id, created_at, updated_at, deleted_at, workout_log_id, exercise_id, notes) VALUES(1035, '2025-12-11 20:35:49', '2025-12-11 20:35:49', NULL, 1004, 17, '');
INSERT INTO logged_sets (id, created_at, updated_at, deleted_at, logged_exercise_id, reps, weight) VALUES(1058, '2025-12-11 20:35:49', '2025-12-11 20:35:49', NULL, 1035, 12, 190.0);